node_id,node_type,community,weighted_degree,raw_weighted_degree,snapshot_id,model_version
CAT-001,category,0,1218.9203760514836,1590.0,snap_b65ab0cef6cd9077,1.1.0
CAT-002,category,0,1256.1299889465126,1691.0,snap_b65ab0cef6cd9077,1.1.0
CAT-003,category,0,1172.5086842210994,1484.0,snap_b65ab0cef6cd9077,1.1.0
CAT-004,category,0,1244.056993334457,1666.0,snap_b65ab0cef6cd9077,1.1.0
CAT-005,category,0,1235.5861325604044,1668.0,snap_b65ab0cef6cd9077,1.1.0
CAT-006,category,3,1059.6514153151597,1297.0,snap_b65ab0cef6cd9077,1.1.0
CAT-007,category,3,1068.023995465717,1283.0,snap_b65ab0cef6cd9077,1.1.0
CAT-008,category,3,1067.4421469505955,1312.0,snap_b65ab0cef6cd9077,1.1.0
CAT-009,category,3,1064.1771465084414,1268.0,snap_b65ab0cef6cd9077,1.1.0
CAT-010,category,3,1102.1752751023714,1386.0,snap_b65ab0cef6cd9077,1.1.0
CAT-011,category,1,1101.1114598505442,1365.0,snap_b65ab0cef6cd9077,1.1.0
CAT-012,category,1,1023.4924679236472,1206.0,snap_b65ab0cef6cd9077,1.1.0
CAT-013,category,1,1034.3004863195652,1228.0,snap_b65ab0cef6cd9077,1.1.0
CAT-014,category,1,992.7758089508615,1171.0,snap_b65ab0cef6cd9077,1.1.0
CAT-015,category,1,1056.4602888041259,1281.0,snap_b65ab0cef6cd9077,1.1.0
CAT-016,category,2,1042.4655175498158,1253.0,snap_b65ab0cef6cd9077,1.1.0
CAT-017,category,2,1062.897467909941,1300.0,snap_b65ab0cef6cd9077,1.1.0
CAT-018,category,2,1015.7142650482875,1196.0,snap_b65ab0cef6cd9077,1.1.0
CAT-019,category,2,1084.6903752995556,1358.0,snap_b65ab0cef6cd9077,1.1.0
CAT-020,category,2,1016.8743249678869,1158.0,snap_b65ab0cef6cd9077,1.1.0
CAT-021,category,4,1095.4794993692333,1356.0,snap_b65ab0cef6cd9077,1.1.0
CAT-022,category,4,1022.4875640895572,1187.0,snap_b65ab0cef6cd9077,1.1.0
CAT-023,category,4,1091.9114452388876,1340.0,snap_b65ab0cef6cd9077,1.1.0
CAT-024,category,4,1064.1471380633598,1292.0,snap_b65ab0cef6cd9077,1.1.0
CAT-025,category,4,1096.1647300114907,1375.0,snap_b65ab0cef6cd9077,1.1.0
CAT-026,category,5,947.4239192366518,1057.0,snap_b65ab0cef6cd9077,1.1.0
CAT-027,category,5,938.0048882085027,1030.0,snap_b65ab0cef6cd9077,1.1.0
CAT-028,category,5,1002.7497079799847,1198.0,snap_b65ab0cef6cd9077,1.1.0
CAT-029,category,5,944.7025825570986,1065.0,snap_b65ab0cef6cd9077,1.1.0
CAT-030,category,5,1023.36916202664,1231.0,snap_b65ab0cef6cd9077,1.1.0
USR-00001,user,4,12.432698902097275,12.0,snap_b65ab0cef6cd9077,1.1.0
USR-00002,user,1,17.780364516857258,16.0,snap_b65ab0cef6cd9077,1.1.0
USR-00003,user,4,28.245832374321935,40.0,snap_b65ab0cef6cd9077,1.1.0
USR-00004,user,2,38.0095460634811,55.0,snap_b65ab0cef6cd9077,1.1.0
USR-00005,user,0,22.8735582226919,28.0,snap_b65ab0cef6cd9077,1.1.0
USR-00006,user,5,16.726034430825223,20.0,snap_b65ab0cef6cd9077,1.1.0
USR-00007,user,4,28.82736091098753,31.0,snap_b65ab0cef6cd9077,1.1.0
USR-00008,user,4,16.81774001855967,24.0,snap_b65ab0cef6cd9077,1.1.0
USR-00009,user,0,26.801968656828606,38.0,snap_b65ab0cef6cd9077,1.1.0
USR-00010,user,1,22.203588469167606,27.0,snap_b65ab0cef6cd9077,1.1.0
USR-00011,user,0,27.83647567780096,32.0,snap_b65ab0cef6cd9077,1.1.0
USR-00012,user,5,28.769363547444353,37.0,snap_b65ab0cef6cd9077,1.1.0
USR-00013,user,2,26.45587347680493,33.0,snap_b65ab0cef6cd9077,1.1.0
USR-00014,user,4,25.109805936081166,27.0,snap_b65ab0cef6cd9077,1.1.0
USR-00015,user,1,26.94267522233735,28.0,snap_b65ab0cef6cd9077,1.1.0
USR-00016,user,3,22.003707066796586,31.0,snap_b65ab0cef6cd9077,1.1.0
USR-00017,user,2,22.478376710716326,22.0,snap_b65ab0cef6cd9077,1.1.0
USR-00018,user,0,31.232104611401933,44.0,snap_b65ab0cef6cd9077,1.1.0
USR-00019,user,4,27.391289244962383,31.0,snap_b65ab0cef6cd9077,1.1.0
USR-00020,user,2,25.115766257204314,28.0,snap_b65ab0cef6cd9077,1.1.0
USR-00021,user,4,25.96223412564681,30.0,snap_b65ab0cef6cd9077,1.1.0
USR-00022,user,3,38.10041121761197,51.0,snap_b65ab0cef6cd9077,1.1.0
USR-00023,user,5,24.036295087830158,27.0,snap_b65ab0cef6cd9077,1.1.0
USR-00024,user,5,23.84831801707248,24.0,snap_b65ab0cef6cd9077,1.1.0
USR-00025,user,3,30.415027804599195,41.0,snap_b65ab0cef6cd9077,1.1.0
USR-00026,user,1,29.64875167677314,30.0,snap_b65ab0cef6cd9077,1.1.0
USR-00027,user,1,40.231680056560066,42.0,snap_b65ab0cef6cd9077,1.1.0
USR-00028,user,3,36.66882993789378,54.0,snap_b65ab0cef6cd9077,1.1.0
USR-00029,user,0,27.39961514023215,41.0,snap_b65ab0cef6cd9077,1.1.0
USR-00030,user,2,26.963114945256663,31.0,snap_b65ab0cef6cd9077,1.1.0
USR-00031,user,4,15.293040082484318,23.0,snap_b65ab0cef6cd9077,1.1.0
USR-00032,user,5,33.803101949103564,42.0,snap_b65ab0cef6cd9077,1.1.0
USR-00033,user,3,32.57962478837124,43.0,snap_b65ab0cef6cd9077,1.1.0
USR-00034,user,3,35.995832363386775,42.0,snap_b65ab0cef6cd9077,1.1.0
USR-00035,user,1,18.86924678696506,22.0,snap_b65ab0cef6cd9077,1.1.0
USR-00036,user,0,25.117421551166274,38.0,snap_b65ab0cef6cd9077,1.1.0
USR-00037,user,0,22.68451126803256,30.0,snap_b65ab0cef6cd9077,1.1.0
USR-00038,user,1,22.631714564083378,22.0,snap_b65ab0cef6cd9077,1.1.0
USR-00039,user,5,37.380026855191936,46.0,snap_b65ab0cef6cd9077,1.1.0
USR-00040,user,2,31.96734022912221,38.0,snap_b65ab0cef6cd9077,1.1.0
USR-00041,user,1,46.75997757122149,61.0,snap_b65ab0cef6cd9077,1.1.0
USR-00042,user,4,27.84043618210568,28.0,snap_b65ab0cef6cd9077,1.1.0
USR-00043,user,2,21.630854086133883,19.0,snap_b65ab0cef6cd9077,1.1.0
USR-00044,user,3,17.212805488531725,19.0,snap_b65ab0cef6cd9077,1.1.0
USR-00045,user,4,19.71810093592328,32.0,snap_b65ab0cef6cd9077,1.1.0
USR-00046,user,4,34.04191422425274,48.0,snap_b65ab0cef6cd9077,1.1.0
USR-00047,user,1,24.949137280053556,23.0,snap_b65ab0cef6cd9077,1.1.0
USR-00048,user,3,26.494748512737665,35.0,snap_b65ab0cef6cd9077,1.1.0
USR-00049,user,2,30.34422692322423,35.0,snap_b65ab0cef6cd9077,1.1.0
USR-00050,user,0,16.849940585232645,19.0,snap_b65ab0cef6cd9077,1.1.0
USR-00051,user,0,26.201518330481406,46.0,snap_b65ab0cef6cd9077,1.1.0
USR-00052,user,3,38.355616593748145,52.0,snap_b65ab0cef6cd9077,1.1.0
USR-00053,user,5,33.676799316176336,40.0,snap_b65ab0cef6cd9077,1.1.0
USR-00054,user,2,26.73114087390298,29.0,snap_b65ab0cef6cd9077,1.1.0
USR-00055,user,2,16.07518825549104,19.0,snap_b65ab0cef6cd9077,1.1.0
USR-00056,user,4,29.86876261343972,38.0,snap_b65ab0cef6cd9077,1.1.0
USR-00057,user,1,21.11734729638954,28.0,snap_b65ab0cef6cd9077,1.1.0
USR-00058,user,2,33.93747995200142,38.0,snap_b65ab0cef6cd9077,1.1.0
USR-00059,user,0,23.99596636534086,34.0,snap_b65ab0cef6cd9077,1.1.0
USR-00060,user,0,20.885889399031107,24.0,snap_b65ab0cef6cd9077,1.1.0
USR-00061,user,2,40.13511264294908,43.0,snap_b65ab0cef6cd9077,1.1.0
USR-00062,user,1,30.303278820241506,33.0,snap_b65ab0cef6cd9077,1.1.0
USR-00063,user,2,17.585279251844312,18.0,snap_b65ab0cef6cd9077,1.1.0
USR-00064,user,4,31.285412358152286,47.0,snap_b65ab0cef6cd9077,1.1.0
USR-00065,user,3,27.53132519296084,27.0,snap_b65ab0cef6cd9077,1.1.0
USR-00066,user,2,22.371012635207613,22.0,snap_b65ab0cef6cd9077,1.1.0
USR-00067,user,2,31.630323940896503,40.0,snap_b65ab0cef6cd9077,1.1.0
USR-00068,user,3,35.99890758733738,45.0,snap_b65ab0cef6cd9077,1.1.0
USR-00069,user,0,26.125839422640198,29.0,snap_b65ab0cef6cd9077,1.1.0
USR-00070,user,1,19.1599032476556,19.0,snap_b65ab0cef6cd9077,1.1.0
USR-00071,user,3,33.51210793656408,40.0,snap_b65ab0cef6cd9077,1.1.0
USR-00072,user,1,17.31517090463019,21.0,snap_b65ab0cef6cd9077,1.1.0
USR-00073,user,4,43.19552691689279,51.0,snap_b65ab0cef6cd9077,1.1.0
USR-00074,user,3,24.957061599294804,28.0,snap_b65ab0cef6cd9077,1.1.0
USR-00075,user,0,28.26337186518552,35.0,snap_b65ab0cef6cd9077,1.1.0
USR-00076,user,3,20.550815541508538,22.0,snap_b65ab0cef6cd9077,1.1.0
USR-00077,user,3,25.845202326547618,26.0,snap_b65ab0cef6cd9077,1.1.0
USR-00078,user,2,18.511092439040063,16.0,snap_b65ab0cef6cd9077,1.1.0
USR-00079,user,2,21.493163118055836,25.0,snap_b65ab0cef6cd9077,1.1.0
USR-00080,user,4,21.85511423782516,28.0,snap_b65ab0cef6cd9077,1.1.0
USR-00081,user,2,27.83710097707324,37.0,snap_b65ab0cef6cd9077,1.1.0
USR-00082,user,1,25.122930685687844,29.0,snap_b65ab0cef6cd9077,1.1.0
USR-00083,user,4,23.075552264502164,28.0,snap_b65ab0cef6cd9077,1.1.0
USR-00084,user,0,24.39640234852727,25.0,snap_b65ab0cef6cd9077,1.1.0
USR-00085,user,4,37.31764408215141,47.0,snap_b65ab0cef6cd9077,1.1.0
USR-00086,user,0,34.892277519852094,42.0,snap_b65ab0cef6cd9077,1.1.0
USR-00087,user,4,32.14872069019323,30.0,snap_b65ab0cef6cd9077,1.1.0
USR-00088,user,2,36.4466230170081,43.0,snap_b65ab0cef6cd9077,1.1.0
USR-00089,user,0,30.233095209642187,33.0,snap_b65ab0cef6cd9077,1.1.0
USR-00090,user,1,35.37251732453434,40.0,snap_b65ab0cef6cd9077,1.1.0
USR-00091,user,0,13.131091057708442,15.0,snap_b65ab0cef6cd9077,1.1.0
USR-00092,user,2,31.365611099033426,37.0,snap_b65ab0cef6cd9077,1.1.0
USR-00093,user,1,28.692017916126495,34.0,snap_b65ab0cef6cd9077,1.1.0
USR-00094,user,1,28.539111922892342,35.0,snap_b65ab0cef6cd9077,1.1.0
USR-00095,user,3,17.949426070839145,28.0,snap_b65ab0cef6cd9077,1.1.0
USR-00096,user,2,17.05343975973613,21.0,snap_b65ab0cef6cd9077,1.1.0
USR-00097,user,3,20.8629445209048,21.0,snap_b65ab0cef6cd9077,1.1.0
USR-00098,user,0,18.44457155899911,22.0,snap_b65ab0cef6cd9077,1.1.0
USR-00099,user,5,32.7041638484822,37.0,snap_b65ab0cef6cd9077,1.1.0
USR-00100,user,5,34.81187474782563,42.0,snap_b65ab0cef6cd9077,1.1.0
USR-00101,user,5,29.604808607069376,32.0,snap_b65ab0cef6cd9077,1.1.0
USR-00102,user,3,28.081179271279936,31.0,snap_b65ab0cef6cd9077,1.1.0
USR-00103,user,3,26.48100781764991,32.0,snap_b65ab0cef6cd9077,1.1.0
USR-00104,user,5,15.285546102434155,13.0,snap_b65ab0cef6cd9077,1.1.0
USR-00105,user,4,26.410376648414648,33.0,snap_b65ab0cef6cd9077,1.1.0
USR-00106,user,4,30.851748417967986,33.0,snap_b65ab0cef6cd9077,1.1.0
USR-00107,user,1,27.864076190784736,35.0,snap_b65ab0cef6cd9077,1.1.0
USR-00108,user,3,19.836056026832456,19.0,snap_b65ab0cef6cd9077,1.1.0
USR-00109,user,0,11.569587076933908,16.0,snap_b65ab0cef6cd9077,1.1.0
USR-00110,user,5,22.936587846597348,35.0,snap_b65ab0cef6cd9077,1.1.0
USR-00111,user,1,31.753260119550625,39.0,snap_b65ab0cef6cd9077,1.1.0
USR-00112,user,3,21.971244215627934,28.0,snap_b65ab0cef6cd9077,1.1.0
USR-00113,user,3,43.529814018015024,61.0,snap_b65ab0cef6cd9077,1.1.0
USR-00114,user,2,29.424954705441657,33.0,snap_b65ab0cef6cd9077,1.1.0
USR-00115,user,0,14.759116935294436,14.0,snap_b65ab0cef6cd9077,1.1.0
USR-00116,user,4,26.105780912397577,40.0,snap_b65ab0cef6cd9077,1.1.0
USR-00117,user,5,27.191916695114877,27.0,snap_b65ab0cef6cd9077,1.1.0
USR-00118,user,4,18.388266351242084,20.0,snap_b65ab0cef6cd9077,1.1.0
USR-00119,user,1,35.39221414957398,45.0,snap_b65ab0cef6cd9077,1.1.0
USR-00120,user,2,35.92558687407593,37.0,snap_b65ab0cef6cd9077,1.1.0
USR-00121,user,2,29.354478960823748,33.0,snap_b65ab0cef6cd9077,1.1.0
USR-00122,user,2,24.963948169603306,31.0,snap_b65ab0cef6cd9077,1.1.0
USR-00123,user,0,17.95670381952111,20.0,snap_b65ab0cef6cd9077,1.1.0
USR-00124,user,1,27.986786165920762,29.0,snap_b65ab0cef6cd9077,1.1.0
USR-00125,user,0,24.47484265152437,27.0,snap_b65ab0cef6cd9077,1.1.0
USR-00126,user,1,30.91963658501571,42.0,snap_b65ab0cef6cd9077,1.1.0
USR-00127,user,3,24.040435551719362,29.0,snap_b65ab0cef6cd9077,1.1.0
USR-00128,user,0,27.57812272404242,28.0,snap_b65ab0cef6cd9077,1.1.0
USR-00129,user,0,35.03021664330433,43.0,snap_b65ab0cef6cd9077,1.1.0
USR-00130,user,1,17.860605654150227,17.0,snap_b65ab0cef6cd9077,1.1.0
USR-00131,user,0,27.161512666434454,32.0,snap_b65ab0cef6cd9077,1.1.0
USR-00132,user,5,28.65636665601192,35.0,snap_b65ab0cef6cd9077,1.1.0
USR-00133,user,2,42.62384243040969,55.0,snap_b65ab0cef6cd9077,1.1.0
USR-00134,user,4,37.15706150606196,42.0,snap_b65ab0cef6cd9077,1.1.0
USR-00135,user,2,21.44173243337902,21.0,snap_b65ab0cef6cd9077,1.1.0
USR-00136,user,0,17.691979796689978,21.0,snap_b65ab0cef6cd9077,1.1.0
USR-00137,user,5,25.05010449729538,28.0,snap_b65ab0cef6cd9077,1.1.0
USR-00138,user,1,22.67642591162989,23.0,snap_b65ab0cef6cd9077,1.1.0
USR-00139,user,4,40.25383945434429,49.0,snap_b65ab0cef6cd9077,1.1.0
USR-00140,user,0,32.694075131082805,50.0,snap_b65ab0cef6cd9077,1.1.0
USR-00141,user,1,20.14421358113364,22.0,snap_b65ab0cef6cd9077,1.1.0
USR-00142,user,1,21.783813138250682,23.0,snap_b65ab0cef6cd9077,1.1.0
USR-00143,user,5,28.6700443600813,37.0,snap_b65ab0cef6cd9077,1.1.0
USR-00144,user,2,22.401230313102094,26.0,snap_b65ab0cef6cd9077,1.1.0
USR-00145,user,1,25.547941394804745,28.0,snap_b65ab0cef6cd9077,1.1.0
USR-00146,user,3,17.419287913022217,23.0,snap_b65ab0cef6cd9077,1.1.0
USR-00147,user,3,25.558419364363232,29.0,snap_b65ab0cef6cd9077,1.1.0
USR-00148,user,1,34.663269642416594,43.0,snap_b65ab0cef6cd9077,1.1.0
USR-00149,user,1,36.720391582763696,54.0,snap_b65ab0cef6cd9077,1.1.0
USR-00150,user,2,28.347552305123273,42.0,snap_b65ab0cef6cd9077,1.1.0
USR-00151,user,4,24.25403361336226,26.0,snap_b65ab0cef6cd9077,1.1.0
USR-00152,user,5,32.47902101101865,34.0,snap_b65ab0cef6cd9077,1.1.0
USR-00153,user,0,24.998802024819412,28.0,snap_b65ab0cef6cd9077,1.1.0
USR-00154,user,2,25.732166297314954,27.0,snap_b65ab0cef6cd9077,1.1.0
USR-00155,user,0,37.35143104946138,45.0,snap_b65ab0cef6cd9077,1.1.0
USR-00156,user,2,19.656995731197828,24.0,snap_b65ab0cef6cd9077,1.1.0
USR-00157,user,3,25.147967304872616,37.0,snap_b65ab0cef6cd9077,1.1.0
USR-00158,user,2,19.149901238752268,26.0,snap_b65ab0cef6cd9077,1.1.0
USR-00159,user,4,21.619072581754107,27.0,snap_b65ab0cef6cd9077,1.1.0
USR-00160,user,4,16.81372194430653,17.0,snap_b65ab0cef6cd9077,1.1.0
USR-00161,user,3,35.87291602867546,48.0,snap_b65ab0cef6cd9077,1.1.0
USR-00162,user,5,20.27678952614688,24.0,snap_b65ab0cef6cd9077,1.1.0
USR-00163,user,3,18.87278087120486,22.0,snap_b65ab0cef6cd9077,1.1.0
USR-00164,user,0,19.18869697560598,26.0,snap_b65ab0cef6cd9077,1.1.0
USR-00165,user,2,21.625748289717045,26.0,snap_b65ab0cef6cd9077,1.1.0
USR-00166,user,3,39.681427168634414,49.0,snap_b65ab0cef6cd9077,1.1.0
USR-00167,user,4,42.94000480711948,56.0,snap_b65ab0cef6cd9077,1.1.0
USR-00168,user,3,35.08402511316215,35.0,snap_b65ab0cef6cd9077,1.1.0
USR-00169,user,3,19.46544915403684,21.0,snap_b65ab0cef6cd9077,1.1.0
USR-00170,user,5,38.10055393647394,45.0,snap_b65ab0cef6cd9077,1.1.0
USR-00171,user,3,18.708631972042525,22.0,snap_b65ab0cef6cd9077,1.1.0
USR-00172,user,1,37.96173651530434,47.0,snap_b65ab0cef6cd9077,1.1.0
USR-00173,user,3,27.09034659194902,29.0,snap_b65ab0cef6cd9077,1.1.0
USR-00174,user,5,44.63106593750032,57.0,snap_b65ab0cef6cd9077,1.1.0
USR-00175,user,0,23.330760239944624,39.0,snap_b65ab0cef6cd9077,1.1.0
USR-00176,user,0,27.75038128325178,37.0,snap_b65ab0cef6cd9077,1.1.0
USR-00177,user,1,25.69284424588931,30.0,snap_b65ab0cef6cd9077,1.1.0
USR-00178,user,5,24.640201855649504,29.0,snap_b65ab0cef6cd9077,1.1.0
USR-00179,user,5,22.90823986878106,30.0,snap_b65ab0cef6cd9077,1.1.0
USR-00180,user,4,44.43455041369553,57.0,snap_b65ab0cef6cd9077,1.1.0
USR-00181,user,5,23.96339179088001,25.0,snap_b65ab0cef6cd9077,1.1.0
USR-00182,user,5,25.34815506786095,27.0,snap_b65ab0cef6cd9077,1.1.0
USR-00183,user,1,28.421285198509064,38.0,snap_b65ab0cef6cd9077,1.1.0
USR-00184,user,3,8.631792729861896,9.0,snap_b65ab0cef6cd9077,1.1.0
USR-00185,user,4,25.017800061429288,30.0,snap_b65ab0cef6cd9077,1.1.0
USR-00186,user,2,31.691447494152648,43.0,snap_b65ab0cef6cd9077,1.1.0
USR-00187,user,3,28.53564739371887,32.0,snap_b65ab0cef6cd9077,1.1.0
USR-00188,user,0,12.685183278850442,12.0,snap_b65ab0cef6cd9077,1.1.0
USR-00189,user,4,35.508711651153064,47.0,snap_b65ab0cef6cd9077,1.1.0
USR-00190,user,3,20.9719971818537,25.0,snap_b65ab0cef6cd9077,1.1.0
USR-00191,user,5,23.395909203717736,25.0,snap_b65ab0cef6cd9077,1.1.0
USR-00192,user,3,16.506169866719617,21.0,snap_b65ab0cef6cd9077,1.1.0
USR-00193,user,0,21.974913656224146,30.0,snap_b65ab0cef6cd9077,1.1.0
USR-00194,user,4,34.88945390925479,50.0,snap_b65ab0cef6cd9077,1.1.0
USR-00195,user,0,20.873580700206105,28.0,snap_b65ab0cef6cd9077,1.1.0
USR-00196,user,0,21.49044392956883,32.0,snap_b65ab0cef6cd9077,1.1.0
USR-00197,user,2,21.50148980803912,21.0,snap_b65ab0cef6cd9077,1.1.0
USR-00198,user,5,24.366369467026807,25.0,snap_b65ab0cef6cd9077,1.1.0
USR-00199,user,0,26.2161530043687,42.0,snap_b65ab0cef6cd9077,1.1.0
USR-00200,user,3,16.50157410323709,15.0,snap_b65ab0cef6cd9077,1.1.0
USR-00201,user,4,22.612300525247175,24.0,snap_b65ab0cef6cd9077,1.1.0
USR-00202,user,5,37.5044713180504,43.0,snap_b65ab0cef6cd9077,1.1.0
USR-00203,user,1,20.002004880389137,22.0,snap_b65ab0cef6cd9077,1.1.0
USR-00204,user,0,33.04157211697031,38.0,snap_b65ab0cef6cd9077,1.1.0
USR-00205,user,0,27.222468194564037,41.0,snap_b65ab0cef6cd9077,1.1.0
USR-00206,user,3,35.82716134366436,55.0,snap_b65ab0cef6cd9077,1.1.0
USR-00207,user,0,29.66780251236631,51.0,snap_b65ab0cef6cd9077,1.1.0
USR-00208,user,2,22.882756647415178,35.0,snap_b65ab0cef6cd9077,1.1.0
USR-00209,user,4,29.27742106857162,40.0,snap_b65ab0cef6cd9077,1.1.0
USR-00210,user,1,22.160362894277046,27.0,snap_b65ab0cef6cd9077,1.1.0
USR-00211,user,2,22.667268270967707,30.0,snap_b65ab0cef6cd9077,1.1.0
USR-00212,user,2,11.916394792363992,16.0,snap_b65ab0cef6cd9077,1.1.0
USR-00213,user,0,40.39793555014428,56.0,snap_b65ab0cef6cd9077,1.1.0
USR-00214,user,4,23.422852047041467,33.0,snap_b65ab0cef6cd9077,1.1.0
USR-00215,user,4,25.651310758732414,35.0,snap_b65ab0cef6cd9077,1.1.0
USR-00216,user,4,26.337591303119197,36.0,snap_b65ab0cef6cd9077,1.1.0
USR-00217,user,1,41.840114083050054,53.0,snap_b65ab0cef6cd9077,1.1.0
USR-00218,user,0,15.99191974519049,18.0,snap_b65ab0cef6cd9077,1.1.0
USR-00219,user,5,33.045027135254344,38.0,snap_b65ab0cef6cd9077,1.1.0
USR-00220,user,1,15.462532254302047,17.0,snap_b65ab0cef6cd9077,1.1.0
USR-00221,user,3,19.84678046788635,27.0,snap_b65ab0cef6cd9077,1.1.0
USR-00222,user,1,21.62705628610124,25.0,snap_b65ab0cef6cd9077,1.1.0
USR-00223,user,5,31.71811519373248,31.0,snap_b65ab0cef6cd9077,1.1.0
USR-00224,user,5,14.62886507826301,15.0,snap_b65ab0cef6cd9077,1.1.0
USR-00225,user,3,22.614864762153065,23.0,snap_b65ab0cef6cd9077,1.1.0
USR-00226,user,5,28.749485526134173,32.0,snap_b65ab0cef6cd9077,1.1.0
USR-00227,user,0,18.356488829900666,20.0,snap_b65ab0cef6cd9077,1.1.0
USR-00228,user,2,26.210860881837174,33.0,snap_b65ab0cef6cd9077,1.1.0
USR-00229,user,2,29.37733258104658,35.0,snap_b65ab0cef6cd9077,1.1.0
USR-00230,user,0,20.99191798953323,23.0,snap_b65ab0cef6cd9077,1.1.0
USR-00231,user,0,28.359486903417253,41.0,snap_b65ab0cef6cd9077,1.1.0
USR-00232,user,1,25.776086412167672,38.0,snap_b65ab0cef6cd9077,1.1.0
USR-00233,user,5,18.250930929135087,19.0,snap_b65ab0cef6cd9077,1.1.0
USR-00234,user,2,30.822140194282518,47.0,snap_b65ab0cef6cd9077,1.1.0
USR-00235,user,5,34.88930778042129,37.0,snap_b65ab0cef6cd9077,1.1.0
USR-00236,user,4,46.374430826128105,69.0,snap_b65ab0cef6cd9077,1.1.0
USR-00237,user,1,15.965869328771669,19.0,snap_b65ab0cef6cd9077,1.1.0
USR-00238,user,2,35.87373908330721,41.0,snap_b65ab0cef6cd9077,1.1.0
USR-00239,user,5,29.873420801392648,34.0,snap_b65ab0cef6cd9077,1.1.0
USR-00240,user,0,25.530098632518385,37.0,snap_b65ab0cef6cd9077,1.1.0
USR-00241,user,4,31.060252947344477,34.0,snap_b65ab0cef6cd9077,1.1.0
USR-00242,user,4,16.33763650851373,24.0,snap_b65ab0cef6cd9077,1.1.0
USR-00243,user,4,44.94571434255094,58.0,snap_b65ab0cef6cd9077,1.1.0
USR-00244,user,1,28.4838597200627,26.0,snap_b65ab0cef6cd9077,1.1.0
USR-00245,user,2,21.154783995886394,24.0,snap_b65ab0cef6cd9077,1.1.0
USR-00246,user,5,30.58554509356687,39.0,snap_b65ab0cef6cd9077,1.1.0
USR-00247,user,2,33.273781258530825,39.0,snap_b65ab0cef6cd9077,1.1.0
USR-00248,user,1,28.528602647423334,37.0,snap_b65ab0cef6cd9077,1.1.0
USR-00249,user,3,29.21754018467511,44.0,snap_b65ab0cef6cd9077,1.1.0
USR-00250,user,1,36.63269134224128,52.0,snap_b65ab0cef6cd9077,1.1.0
USR-00251,user,2,32.35183619824318,39.0,snap_b65ab0cef6cd9077,1.1.0
USR-00252,user,5,27.78705508412399,32.0,snap_b65ab0cef6cd9077,1.1.0
USR-00253,user,1,17.147669071874855,17.0,snap_b65ab0cef6cd9077,1.1.0
USR-00254,user,3,27.857856091546765,38.0,snap_b65ab0cef6cd9077,1.1.0
USR-00255,user,3,43.26020964725332,56.0,snap_b65ab0cef6cd9077,1.1.0
USR-00256,user,4,25.352672121365753,32.0,snap_b65ab0cef6cd9077,1.1.0
USR-00257,user,4,22.481021434724187,31.0,snap_b65ab0cef6cd9077,1.1.0
USR-00258,user,0,29.66018153624501,37.0,snap_b65ab0cef6cd9077,1.1.0
USR-00259,user,2,33.41574460378104,39.0,snap_b65ab0cef6cd9077,1.1.0
USR-00260,user,2,34.14019257463208,42.0,snap_b65ab0cef6cd9077,1.1.0
USR-00261,user,0,36.256439089269634,52.0,snap_b65ab0cef6cd9077,1.1.0
USR-00262,user,0,29.65179318033333,40.0,snap_b65ab0cef6cd9077,1.1.0
USR-00263,user,3,20.66268244011195,21.0,snap_b65ab0cef6cd9077,1.1.0
USR-00264,user,0,14.552872553611868,18.0,snap_b65ab0cef6cd9077,1.1.0
USR-00265,user,5,43.21152316854734,50.0,snap_b65ab0cef6cd9077,1.1.0
USR-00266,user,0,22.26273131274099,27.0,snap_b65ab0cef6cd9077,1.1.0
USR-00267,user,3,31.504901046118476,33.0,snap_b65ab0cef6cd9077,1.1.0
USR-00268,user,1,28.12171247862356,30.0,snap_b65ab0cef6cd9077,1.1.0
USR-00269,user,1,39.03673375936361,48.0,snap_b65ab0cef6cd9077,1.1.0
USR-00270,user,0,18.346358800572617,32.0,snap_b65ab0cef6cd9077,1.1.0
USR-00271,user,0,24.44949033842455,34.0,snap_b65ab0cef6cd9077,1.1.0
USR-00272,user,0,31.27169985531292,33.0,snap_b65ab0cef6cd9077,1.1.0
USR-00273,user,0,28.587426917712172,44.0,snap_b65ab0cef6cd9077,1.1.0
USR-00274,user,2,28.999261599374886,39.0,snap_b65ab0cef6cd9077,1.1.0
USR-00275,user,2,27.506900720221992,31.0,snap_b65ab0cef6cd9077,1.1.0
USR-00276,user,1,19.77225887284426,24.0,snap_b65ab0cef6cd9077,1.1.0
USR-00277,user,3,29.013373344949255,32.0,snap_b65ab0cef6cd9077,1.1.0
USR-00278,user,1,22.50005527746901,31.0,snap_b65ab0cef6cd9077,1.1.0
USR-00279,user,5,45.73575597976221,56.0,snap_b65ab0cef6cd9077,1.1.0
USR-00280,user,4,37.28286561725246,41.0,snap_b65ab0cef6cd9077,1.1.0
USR-00281,user,0,23.281717237880073,39.0,snap_b65ab0cef6cd9077,1.1.0
USR-00282,user,0,31.136855534880414,45.0,snap_b65ab0cef6cd9077,1.1.0
USR-00283,user,3,25.45425672916304,27.0,snap_b65ab0cef6cd9077,1.1.0
USR-00284,user,3,26.112687451043314,30.0,snap_b65ab0cef6cd9077,1.1.0
USR-00285,user,2,25.802873381253313,25.0,snap_b65ab0cef6cd9077,1.1.0
USR-00286,user,1,22.523243668483,29.0,snap_b65ab0cef6cd9077,1.1.0
USR-00287,user,0,32.54263781045266,47.0,snap_b65ab0cef6cd9077,1.1.0
USR-00288,user,3,17.543042307442995,22.0,snap_b65ab0cef6cd9077,1.1.0
USR-00289,user,1,17.66174066485129,22.0,snap_b65ab0cef6cd9077,1.1.0
USR-00290,user,0,21.25703631418385,27.0,snap_b65ab0cef6cd9077,1.1.0
USR-00291,user,4,29.228848910089305,38.0,snap_b65ab0cef6cd9077,1.1.0
USR-00292,user,0,20.438916735180687,28.0,snap_b65ab0cef6cd9077,1.1.0
USR-00293,user,5,31.541465270915484,34.0,snap_b65ab0cef6cd9077,1.1.0
USR-00294,user,0,24.325603395173975,30.0,snap_b65ab0cef6cd9077,1.1.0
USR-00295,user,2,43.32907161156804,55.0,snap_b65ab0cef6cd9077,1.1.0
USR-00296,user,5,18.41957330813919,21.0,snap_b65ab0cef6cd9077,1.1.0
USR-00297,user,5,28.32847647776501,28.0,snap_b65ab0cef6cd9077,1.1.0
USR-00298,user,4,28.760047067901468,31.0,snap_b65ab0cef6cd9077,1.1.0
USR-00299,user,4,16.424545420599266,15.0,snap_b65ab0cef6cd9077,1.1.0
USR-00300,user,2,20.706265096158276,25.0,snap_b65ab0cef6cd9077,1.1.0
USR-00301,user,4,23.17331593918974,24.0,snap_b65ab0cef6cd9077,1.1.0
USR-00302,user,0,25.64239541584109,38.0,snap_b65ab0cef6cd9077,1.1.0
USR-00303,user,1,31.99855380792602,38.0,snap_b65ab0cef6cd9077,1.1.0
USR-00304,user,1,20.301409079103294,24.0,snap_b65ab0cef6cd9077,1.1.0
USR-00305,user,4,30.280387091434534,33.0,snap_b65ab0cef6cd9077,1.1.0
USR-00306,user,1,37.23412925703543,47.0,snap_b65ab0cef6cd9077,1.1.0
USR-00307,user,1,29.406910732376332,35.0,snap_b65ab0cef6cd9077,1.1.0
USR-00308,user,2,34.10785928762464,40.0,snap_b65ab0cef6cd9077,1.1.0
USR-00309,user,3,35.99356144477462,44.0,snap_b65ab0cef6cd9077,1.1.0
USR-00310,user,2,31.772855525372034,44.0,snap_b65ab0cef6cd9077,1.1.0
USR-00311,user,1,24.668026953927203,35.0,snap_b65ab0cef6cd9077,1.1.0
USR-00312,user,1,40.991749572178456,54.0,snap_b65ab0cef6cd9077,1.1.0
USR-00313,user,3,33.902798214151844,36.0,snap_b65ab0cef6cd9077,1.1.0
USR-00314,user,3,15.75951192621713,20.0,snap_b65ab0cef6cd9077,1.1.0
USR-00315,user,3,18.472823494784407,21.0,snap_b65ab0cef6cd9077,1.1.0
USR-00316,user,3,15.682126287006316,21.0,snap_b65ab0cef6cd9077,1.1.0
USR-00317,user,3,25.992831614632028,30.0,snap_b65ab0cef6cd9077,1.1.0
USR-00318,user,2,19.448892250439695,24.0,snap_b65ab0cef6cd9077,1.1.0
USR-00319,user,3,32.12398201904033,40.0,snap_b65ab0cef6cd9077,1.1.0
USR-00320,user,5,38.742963463406674,48.0,snap_b65ab0cef6cd9077,1.1.0
USR-00321,user,5,27.24399265357344,29.0,snap_b65ab0cef6cd9077,1.1.0
USR-00322,user,1,25.71489278270196,34.0,snap_b65ab0cef6cd9077,1.1.0
USR-00323,user,3,37.796127498817924,62.0,snap_b65ab0cef6cd9077,1.1.0
USR-00324,user,1,17.941171712017443,18.0,snap_b65ab0cef6cd9077,1.1.0
USR-00325,user,4,30.36674733735106,34.0,snap_b65ab0cef6cd9077,1.1.0
USR-00326,user,2,39.237301136134,45.0,snap_b65ab0cef6cd9077,1.1.0
USR-00327,user,4,35.262332723020904,48.0,snap_b65ab0cef6cd9077,1.1.0
USR-00328,user,1,22.041216281645404,26.0,snap_b65ab0cef6cd9077,1.1.0
USR-00329,user,2,26.973852503059856,39.0,snap_b65ab0cef6cd9077,1.1.0
USR-00330,user,3,24.344223210352396,28.0,snap_b65ab0cef6cd9077,1.1.0
USR-00331,user,4,20.71624435610988,31.0,snap_b65ab0cef6cd9077,1.1.0
USR-00332,user,3,21.21617963291404,25.0,snap_b65ab0cef6cd9077,1.1.0
USR-00333,user,2,34.26947041112275,45.0,snap_b65ab0cef6cd9077,1.1.0
USR-00334,user,5,47.12577539720757,66.0,snap_b65ab0cef6cd9077,1.1.0
USR-00335,user,0,23.752726378221006,32.0,snap_b65ab0cef6cd9077,1.1.0
USR-00336,user,2,26.52674050874938,32.0,snap_b65ab0cef6cd9077,1.1.0
USR-00337,user,0,26.56967123350359,33.0,snap_b65ab0cef6cd9077,1.1.0
USR-00338,user,4,27.461973999385194,41.0,snap_b65ab0cef6cd9077,1.1.0
USR-00339,user,0,27.07767023129249,38.0,snap_b65ab0cef6cd9077,1.1.0
USR-00340,user,5,23.953831210930673,26.0,snap_b65ab0cef6cd9077,1.1.0
USR-00341,user,0,22.856548828863556,28.0,snap_b65ab0cef6cd9077,1.1.0
USR-00342,user,5,21.56577376807857,25.0,snap_b65ab0cef6cd9077,1.1.0
USR-00343,user,4,30.443367553980213,39.0,snap_b65ab0cef6cd9077,1.1.0
USR-00344,user,2,24.63604686859447,30.0,snap_b65ab0cef6cd9077,1.1.0
USR-00345,user,4,21.18148754875977,21.0,snap_b65ab0cef6cd9077,1.1.0
USR-00346,user,4,24.79704173846708,32.0,snap_b65ab0cef6cd9077,1.1.0
USR-00347,user,5,29.502474766877047,36.0,snap_b65ab0cef6cd9077,1.1.0
USR-00348,user,3,25.727026863022466,29.0,snap_b65ab0cef6cd9077,1.1.0
USR-00349,user,2,41.03540288805097,46.0,snap_b65ab0cef6cd9077,1.1.0
USR-00350,user,5,25.206826614145367,28.0,snap_b65ab0cef6cd9077,1.1.0
USR-00351,user,2,22.350385988286508,25.0,snap_b65ab0cef6cd9077,1.1.0
USR-00352,user,0,19.659399753996098,24.0,snap_b65ab0cef6cd9077,1.1.0
USR-00353,user,2,23.912330912561167,32.0,snap_b65ab0cef6cd9077,1.1.0
USR-00354,user,2,27.74127971286637,31.0,snap_b65ab0cef6cd9077,1.1.0
USR-00355,user,1,35.102789318377226,47.0,snap_b65ab0cef6cd9077,1.1.0
USR-00356,user,1,31.158675703371955,36.0,snap_b65ab0cef6cd9077,1.1.0
USR-00357,user,1,39.98145282491723,49.0,snap_b65ab0cef6cd9077,1.1.0
USR-00358,user,4,27.35488513746154,28.0,snap_b65ab0cef6cd9077,1.1.0
USR-00359,user,1,33.01191354737181,40.0,snap_b65ab0cef6cd9077,1.1.0
USR-00360,user,2,25.085616836894083,27.0,snap_b65ab0cef6cd9077,1.1.0
USR-00361,user,5,32.5223941160217,42.0,snap_b65ab0cef6cd9077,1.1.0
USR-00362,user,0,18.04549257400299,25.0,snap_b65ab0cef6cd9077,1.1.0
USR-00363,user,0,20.013115609418897,22.0,snap_b65ab0cef6cd9077,1.1.0
USR-00364,user,0,27.41980646803748,44.0,snap_b65ab0cef6cd9077,1.1.0
USR-00365,user,2,31.16678412973635,49.0,snap_b65ab0cef6cd9077,1.1.0
USR-00366,user,4,32.51707368748877,40.0,snap_b65ab0cef6cd9077,1.1.0
USR-00367,user,4,27.137546035284622,39.0,snap_b65ab0cef6cd9077,1.1.0
USR-00368,user,2,29.151155978520563,40.0,snap_b65ab0cef6cd9077,1.1.0
USR-00369,user,3,19.459131620146948,24.0,snap_b65ab0cef6cd9077,1.1.0
USR-00370,user,5,37.14700316955966,37.0,snap_b65ab0cef6cd9077,1.1.0
USR-00371,user,4,35.76068221512068,42.0,snap_b65ab0cef6cd9077,1.1.0
USR-00372,user,3,23.696033558150774,25.0,snap_b65ab0cef6cd9077,1.1.0
USR-00373,user,0,27.11803321767583,29.0,snap_b65ab0cef6cd9077,1.1.0
USR-00374,user,3,17.298382476678704,21.0,snap_b65ab0cef6cd9077,1.1.0
USR-00375,user,1,42.75100580999921,63.0,snap_b65ab0cef6cd9077,1.1.0
USR-00376,user,0,27.0711248661514,40.0,snap_b65ab0cef6cd9077,1.1.0
USR-00377,user,5,23.48103259718449,32.0,snap_b65ab0cef6cd9077,1.1.0
USR-00378,user,1,19.575912042930447,21.0,snap_b65ab0cef6cd9077,1.1.0
USR-00379,user,1,33.634713536157484,45.0,snap_b65ab0cef6cd9077,1.1.0
USR-00380,user,4,29.14336739775139,33.0,snap_b65ab0cef6cd9077,1.1.0
USR-00381,user,2,25.075351582038188,36.0,snap_b65ab0cef6cd9077,1.1.0
USR-00382,user,5,24.34238113824505,27.0,snap_b65ab0cef6cd9077,1.1.0
USR-00383,user,4,41.592758545643015,60.0,snap_b65ab0cef6cd9077,1.1.0
USR-00384,user,1,11.996195016854138,12.0,snap_b65ab0cef6cd9077,1.1.0
USR-00385,user,3,26.87563387176192,38.0,snap_b65ab0cef6cd9077,1.1.0
USR-00386,user,5,45.24708705148948,60.0,snap_b65ab0cef6cd9077,1.1.0
USR-00387,user,4,24.18338060930464,34.0,snap_b65ab0cef6cd9077,1.1.0
USR-00388,user,5,24.24559000423281,28.0,snap_b65ab0cef6cd9077,1.1.0
USR-00389,user,0,35.567826948738194,39.0,snap_b65ab0cef6cd9077,1.1.0
USR-00390,user,4,19.024665114750462,21.0,snap_b65ab0cef6cd9077,1.1.0
USR-00391,user,2,27.319379364577948,41.0,snap_b65ab0cef6cd9077,1.1.0
USR-00392,user,5,36.45237888538549,40.0,snap_b65ab0cef6cd9077,1.1.0
USR-00393,user,2,25.16496008232704,26.0,snap_b65ab0cef6cd9077,1.1.0
USR-00394,user,2,18.91334799374975,28.0,snap_b65ab0cef6cd9077,1.1.0
USR-00395,user,5,43.97813361032338,70.0,snap_b65ab0cef6cd9077,1.1.0
USR-00396,user,1,31.19040318353239,40.0,snap_b65ab0cef6cd9077,1.1.0
USR-00397,user,4,30.060765502039963,36.0,snap_b65ab0cef6cd9077,1.1.0
USR-00398,user,3,26.490851654151392,28.0,snap_b65ab0cef6cd9077,1.1.0
USR-00399,user,1,27.880391374439796,32.0,snap_b65ab0cef6cd9077,1.1.0
USR-00400,user,1,23.921737635860794,27.0,snap_b65ab0cef6cd9077,1.1.0
USR-00401,user,4,39.89582591177581,47.0,snap_b65ab0cef6cd9077,1.1.0
USR-00402,user,5,31.564651664830112,37.0,snap_b65ab0cef6cd9077,1.1.0
USR-00403,user,4,24.903004945736196,31.0,snap_b65ab0cef6cd9077,1.1.0
USR-00404,user,0,16.64732909292333,27.0,snap_b65ab0cef6cd9077,1.1.0
USR-00405,user,5,42.341173414825334,50.0,snap_b65ab0cef6cd9077,1.1.0
USR-00406,user,5,27.40003539857341,33.0,snap_b65ab0cef6cd9077,1.1.0
USR-00407,user,3,15.781460279902982,18.0,snap_b65ab0cef6cd9077,1.1.0
USR-00408,user,4,37.12160630301473,43.0,snap_b65ab0cef6cd9077,1.1.0
USR-00409,user,0,22.173521122980024,27.0,snap_b65ab0cef6cd9077,1.1.0
USR-00410,user,5,30.09495498313933,32.0,snap_b65ab0cef6cd9077,1.1.0
USR-00411,user,2,30.094913519083775,40.0,snap_b65ab0cef6cd9077,1.1.0
USR-00412,user,2,24.808663586789496,29.0,snap_b65ab0cef6cd9077,1.1.0
USR-00413,user,4,34.81142811034694,42.0,snap_b65ab0cef6cd9077,1.1.0
USR-00414,user,5,28.30153649740839,32.0,snap_b65ab0cef6cd9077,1.1.0
USR-00415,user,0,30.296565664628545,34.0,snap_b65ab0cef6cd9077,1.1.0
USR-00416,user,3,35.772233818223306,45.0,snap_b65ab0cef6cd9077,1.1.0
USR-00417,user,0,24.434286337416257,33.0,snap_b65ab0cef6cd9077,1.1.0
USR-00418,user,4,24.336314557722886,25.0,snap_b65ab0cef6cd9077,1.1.0
USR-00419,user,0,19.04663242080875,19.0,snap_b65ab0cef6cd9077,1.1.0
USR-00420,user,5,24.63829400190431,23.0,snap_b65ab0cef6cd9077,1.1.0
USR-00421,user,2,36.325562232049606,47.0,snap_b65ab0cef6cd9077,1.1.0
USR-00422,user,0,19.090704837553105,33.0,snap_b65ab0cef6cd9077,1.1.0
USR-00423,user,0,22.22009892072413,25.0,snap_b65ab0cef6cd9077,1.1.0
USR-00424,user,0,25.377790260093427,35.0,snap_b65ab0cef6cd9077,1.1.0
USR-00425,user,2,16.588611413920447,18.0,snap_b65ab0cef6cd9077,1.1.0
USR-00426,user,4,24.361367611860132,25.0,snap_b65ab0cef6cd9077,1.1.0
USR-00427,user,3,26.91316908335184,29.0,snap_b65ab0cef6cd9077,1.1.0
USR-00428,user,4,21.148351804730986,29.0,snap_b65ab0cef6cd9077,1.1.0
USR-00429,user,0,25.666351055572708,39.0,snap_b65ab0cef6cd9077,1.1.0
USR-00430,user,4,24.38767651560059,26.0,snap_b65ab0cef6cd9077,1.1.0
USR-00431,user,5,31.708739937056443,42.0,snap_b65ab0cef6cd9077,1.1.0
USR-00432,user,4,20.671419479753677,24.0,snap_b65ab0cef6cd9077,1.1.0
USR-00433,user,2,15.471109040306192,14.0,snap_b65ab0cef6cd9077,1.1.0
USR-00434,user,4,31.964442471482144,38.0,snap_b65ab0cef6cd9077,1.1.0
USR-00435,user,0,29.829051050664045,38.0,snap_b65ab0cef6cd9077,1.1.0
USR-00436,user,3,34.720332616950515,48.0,snap_b65ab0cef6cd9077,1.1.0
USR-00437,user,0,17.963147928280346,20.0,snap_b65ab0cef6cd9077,1.1.0
USR-00438,user,1,32.88245973689489,44.0,snap_b65ab0cef6cd9077,1.1.0
USR-00439,user,0,41.68956389107503,52.0,snap_b65ab0cef6cd9077,1.1.0
USR-00440,user,2,41.827233047192905,51.0,snap_b65ab0cef6cd9077,1.1.0
USR-00441,user,4,26.684646829985496,31.0,snap_b65ab0cef6cd9077,1.1.0
USR-00442,user,0,24.118290780251552,25.0,snap_b65ab0cef6cd9077,1.1.0
USR-00443,user,4,27.684927561328376,29.0,snap_b65ab0cef6cd9077,1.1.0
USR-00444,user,0,17.17963678570955,20.0,snap_b65ab0cef6cd9077,1.1.0
USR-00445,user,3,20.82001955979298,21.0,snap_b65ab0cef6cd9077,1.1.0
USR-00446,user,2,32.33659475367608,40.0,snap_b65ab0cef6cd9077,1.1.0
USR-00447,user,5,25.25050599473171,28.0,snap_b65ab0cef6cd9077,1.1.0
USR-00448,user,2,19.9206704499779,23.0,snap_b65ab0cef6cd9077,1.1.0
USR-00449,user,0,13.265013968476408,11.0,snap_b65ab0cef6cd9077,1.1.0
USR-00450,user,2,27.329504353971604,33.0,snap_b65ab0cef6cd9077,1.1.0
USR-00451,user,0,18.606925769939874,23.0,snap_b65ab0cef6cd9077,1.1.0
USR-00452,user,5,25.946562290153842,36.0,snap_b65ab0cef6cd9077,1.1.0
USR-00453,user,2,31.93959803295836,33.0,snap_b65ab0cef6cd9077,1.1.0
USR-00454,user,0,13.811598500013412,21.0,snap_b65ab0cef6cd9077,1.1.0
USR-00455,user,1,38.271146461217796,44.0,snap_b65ab0cef6cd9077,1.1.0
USR-00456,user,0,44.06994654100448,63.0,snap_b65ab0cef6cd9077,1.1.0
USR-00457,user,5,28.255601392067963,29.0,snap_b65ab0cef6cd9077,1.1.0
USR-00458,user,1,14.744166702258253,19.0,snap_b65ab0cef6cd9077,1.1.0
USR-00459,user,4,32.10867752649224,40.0,snap_b65ab0cef6cd9077,1.1.0
USR-00460,user,3,38.95764781003399,60.0,snap_b65ab0cef6cd9077,1.1.0
USR-00461,user,2,27.204785305502647,32.0,snap_b65ab0cef6cd9077,1.1.0
USR-00462,user,0,25.740909068557144,40.0,snap_b65ab0cef6cd9077,1.1.0
USR-00463,user,5,29.912936264899816,37.0,snap_b65ab0cef6cd9077,1.1.0
USR-00464,user,3,31.38637330547744,47.0,snap_b65ab0cef6cd9077,1.1.0
USR-00465,user,2,23.0687284468084,30.0,snap_b65ab0cef6cd9077,1.1.0
USR-00466,user,2,10.723115443827552,7.0,snap_b65ab0cef6cd9077,1.1.0
USR-00467,user,2,21.0470597698374,30.0,snap_b65ab0cef6cd9077,1.1.0
USR-00468,user,5,16.134513816538092,24.0,snap_b65ab0cef6cd9077,1.1.0
USR-00469,user,0,19.25947186744681,24.0,snap_b65ab0cef6cd9077,1.1.0
USR-00470,user,1,17.767808226243133,23.0,snap_b65ab0cef6cd9077,1.1.0
USR-00471,user,1,14.55561510862618,17.0,snap_b65ab0cef6cd9077,1.1.0
USR-00472,user,1,33.31229043620728,43.0,snap_b65ab0cef6cd9077,1.1.0
USR-00473,user,0,26.395135027498988,30.0,snap_b65ab0cef6cd9077,1.1.0
USR-00474,user,0,25.598555577156255,31.0,snap_b65ab0cef6cd9077,1.1.0
USR-00475,user,3,30.915561333918728,34.0,snap_b65ab0cef6cd9077,1.1.0
USR-00476,user,4,34.822698017185964,42.0,snap_b65ab0cef6cd9077,1.1.0
USR-00477,user,1,22.486551680519366,31.0,snap_b65ab0cef6cd9077,1.1.0
USR-00478,user,2,18.74562512228354,20.0,snap_b65ab0cef6cd9077,1.1.0
USR-00479,user,2,13.901433967779173,16.0,snap_b65ab0cef6cd9077,1.1.0
USR-00480,user,1,23.556394191148012,27.0,snap_b65ab0cef6cd9077,1.1.0
USR-00481,user,1,16.01881049672376,19.0,snap_b65ab0cef6cd9077,1.1.0
USR-00482,user,3,19.32767977027504,21.0,snap_b65ab0cef6cd9077,1.1.0
USR-00483,user,2,29.88844439332409,33.0,snap_b65ab0cef6cd9077,1.1.0
USR-00484,user,3,26.513266162022262,32.0,snap_b65ab0cef6cd9077,1.1.0
USR-00485,user,0,36.949733961861355,46.0,snap_b65ab0cef6cd9077,1.1.0
USR-00486,user,1,28.622566373054145,28.0,snap_b65ab0cef6cd9077,1.1.0
USR-00487,user,1,24.333196257131686,33.0,snap_b65ab0cef6cd9077,1.1.0
USR-00488,user,3,20.83648061378424,24.0,snap_b65ab0cef6cd9077,1.1.0
USR-00489,user,2,23.91126786604667,27.0,snap_b65ab0cef6cd9077,1.1.0
USR-00490,user,2,30.49583618890404,37.0,snap_b65ab0cef6cd9077,1.1.0
USR-00491,user,2,18.1613985229492,20.0,snap_b65ab0cef6cd9077,1.1.0
USR-00492,user,2,23.662746926718896,24.0,snap_b65ab0cef6cd9077,1.1.0
USR-00493,user,2,16.76921103142395,16.0,snap_b65ab0cef6cd9077,1.1.0
USR-00494,user,3,39.40609019415329,48.0,snap_b65ab0cef6cd9077,1.1.0
USR-00495,user,4,45.54329602846573,57.0,snap_b65ab0cef6cd9077,1.1.0
USR-00496,user,1,32.0512988895599,42.0,snap_b65ab0cef6cd9077,1.1.0
USR-00497,user,1,24.419015337705105,27.0,snap_b65ab0cef6cd9077,1.1.0
USR-00498,user,2,26.95753809932773,28.0,snap_b65ab0cef6cd9077,1.1.0
USR-00499,user,3,24.68364189149383,31.0,snap_b65ab0cef6cd9077,1.1.0
USR-00500,user,1,20.19184336318752,24.0,snap_b65ab0cef6cd9077,1.1.0
USR-00501,user,4,24.33925149995841,27.0,snap_b65ab0cef6cd9077,1.1.0
USR-00502,user,5,23.531942393337705,33.0,snap_b65ab0cef6cd9077,1.1.0
USR-00503,user,5,34.60541936074378,39.0,snap_b65ab0cef6cd9077,1.1.0
USR-00504,user,1,20.206642321417718,23.0,snap_b65ab0cef6cd9077,1.1.0
USR-00505,user,1,17.110727095888894,22.0,snap_b65ab0cef6cd9077,1.1.0
USR-00506,user,4,17.399547077034917,22.0,snap_b65ab0cef6cd9077,1.1.0
USR-00507,user,3,45.040529623062596,69.0,snap_b65ab0cef6cd9077,1.1.0
USR-00508,user,4,35.27720255638669,43.0,snap_b65ab0cef6cd9077,1.1.0
USR-00509,user,1,28.183114511214903,41.0,snap_b65ab0cef6cd9077,1.1.0
USR-00510,user,0,20.836820809687648,24.0,snap_b65ab0cef6cd9077,1.1.0
USR-00511,user,0,15.598144504280587,16.0,snap_b65ab0cef6cd9077,1.1.0
USR-00512,user,4,20.57303817574811,23.0,snap_b65ab0cef6cd9077,1.1.0
USR-00513,user,0,18.63884731163589,23.0,snap_b65ab0cef6cd9077,1.1.0
USR-00514,user,3,23.93321481615689,24.0,snap_b65ab0cef6cd9077,1.1.0
USR-00515,user,3,44.36507251287842,58.0,snap_b65ab0cef6cd9077,1.1.0
USR-00516,user,0,16.606432392488824,21.0,snap_b65ab0cef6cd9077,1.1.0
USR-00517,user,3,13.67094287004322,15.0,snap_b65ab0cef6cd9077,1.1.0
USR-00518,user,4,25.221739772241175,29.0,snap_b65ab0cef6cd9077,1.1.0
USR-00519,user,0,37.846007748430104,50.0,snap_b65ab0cef6cd9077,1.1.0
USR-00520,user,4,16.693561670153116,23.0,snap_b65ab0cef6cd9077,1.1.0
USR-00521,user,4,29.761118312113283,34.0,snap_b65ab0cef6cd9077,1.1.0
USR-00522,user,3,27.128362170888124,39.0,snap_b65ab0cef6cd9077,1.1.0
USR-00523,user,0,21.126513563636347,22.0,snap_b65ab0cef6cd9077,1.1.0
USR-00524,user,2,16.938069827963602,23.0,snap_b65ab0cef6cd9077,1.1.0
USR-00525,user,0,31.252640684255752,36.0,snap_b65ab0cef6cd9077,1.1.0
USR-00526,user,3,31.704196634455883,38.0,snap_b65ab0cef6cd9077,1.1.0
USR-00527,user,5,24.114577359854934,25.0,snap_b65ab0cef6cd9077,1.1.0
USR-00528,user,5,30.707355933100093,34.0,snap_b65ab0cef6cd9077,1.1.0
USR-00529,user,4,23.15917407043861,26.0,snap_b65ab0cef6cd9077,1.1.0
USR-00530,user,3,21.012054210154027,25.0,snap_b65ab0cef6cd9077,1.1.0
USR-00531,user,2,31.020044161033297,38.0,snap_b65ab0cef6cd9077,1.1.0
USR-00532,user,2,21.09423548405159,27.0,snap_b65ab0cef6cd9077,1.1.0
USR-00533,user,1,33.33084710010254,39.0,snap_b65ab0cef6cd9077,1.1.0
USR-00534,user,2,22.960413156675223,30.0,snap_b65ab0cef6cd9077,1.1.0
USR-00535,user,0,21.749224417552995,32.0,snap_b65ab0cef6cd9077,1.1.0
USR-00536,user,3,35.322733559035605,42.0,snap_b65ab0cef6cd9077,1.1.0
USR-00537,user,1,20.609212730722614,28.0,snap_b65ab0cef6cd9077,1.1.0
USR-00538,user,2,19.71109660564032,23.0,snap_b65ab0cef6cd9077,1.1.0
USR-00539,user,0,16.35714122442303,20.0,snap_b65ab0cef6cd9077,1.1.0
USR-00540,user,4,32.35109061062245,39.0,snap_b65ab0cef6cd9077,1.1.0
USR-00541,user,5,26.340635105259018,33.0,snap_b65ab0cef6cd9077,1.1.0
USR-00542,user,2,22.094154871138716,24.0,snap_b65ab0cef6cd9077,1.1.0
USR-00543,user,4,20.684818865927596,24.0,snap_b65ab0cef6cd9077,1.1.0
USR-00544,user,5,20.90066385416001,24.0,snap_b65ab0cef6cd9077,1.1.0
USR-00545,user,0,21.357123444576008,23.0,snap_b65ab0cef6cd9077,1.1.0
USR-00546,user,1,21.04692615927418,31.0,snap_b65ab0cef6cd9077,1.1.0
USR-00547,user,1,24.894734779944887,26.0,snap_b65ab0cef6cd9077,1.1.0
USR-00548,user,0,17.64590655541398,23.0,snap_b65ab0cef6cd9077,1.1.0
USR-00549,user,4,25.698358706835542,25.0,snap_b65ab0cef6cd9077,1.1.0
USR-00550,user,1,21.543964521410405,27.0,snap_b65ab0cef6cd9077,1.1.0
USR-00551,user,1,31.88788051853887,50.0,snap_b65ab0cef6cd9077,1.1.0
USR-00552,user,0,29.08444536385887,33.0,snap_b65ab0cef6cd9077,1.1.0
USR-00553,user,0,38.66463561978219,46.0,snap_b65ab0cef6cd9077,1.1.0
USR-00554,user,5,33.31220613825457,42.0,snap_b65ab0cef6cd9077,1.1.0
USR-00555,user,0,15.944607115883382,22.0,snap_b65ab0cef6cd9077,1.1.0
USR-00556,user,3,23.564230064888818,37.0,snap_b65ab0cef6cd9077,1.1.0
USR-00557,user,3,24.986321649553666,29.0,snap_b65ab0cef6cd9077,1.1.0
USR-00558,user,1,30.23793371740003,42.0,snap_b65ab0cef6cd9077,1.1.0
USR-00559,user,5,27.211102437099505,26.0,snap_b65ab0cef6cd9077,1.1.0
USR-00560,user,3,35.44956294499133,43.0,snap_b65ab0cef6cd9077,1.1.0
USR-00561,user,0,17.088148605373654,18.0,snap_b65ab0cef6cd9077,1.1.0
USR-00562,user,4,39.061205366106556,51.0,snap_b65ab0cef6cd9077,1.1.0
USR-00563,user,4,24.549471486020995,35.0,snap_b65ab0cef6cd9077,1.1.0
USR-00564,user,2,33.85523876114672,48.0,snap_b65ab0cef6cd9077,1.1.0
USR-00565,user,2,18.215959778521142,20.0,snap_b65ab0cef6cd9077,1.1.0
USR-00566,user,2,32.05877326263724,43.0,snap_b65ab0cef6cd9077,1.1.0
USR-00567,user,4,27.289752364691246,40.0,snap_b65ab0cef6cd9077,1.1.0
USR-00568,user,5,30.71994693697969,33.0,snap_b65ab0cef6cd9077,1.1.0
USR-00569,user,3,31.058078662640916,27.0,snap_b65ab0cef6cd9077,1.1.0
USR-00570,user,5,39.99376323731534,62.0,snap_b65ab0cef6cd9077,1.1.0
USR-00571,user,3,43.332884609218446,54.0,snap_b65ab0cef6cd9077,1.1.0
USR-00572,user,4,30.358571134384803,33.0,snap_b65ab0cef6cd9077,1.1.0
USR-00573,user,1,40.624373288176606,46.0,snap_b65ab0cef6cd9077,1.1.0
USR-00574,user,4,28.123464161622376,36.0,snap_b65ab0cef6cd9077,1.1.0
USR-00575,user,4,27.659772377408167,37.0,snap_b65ab0cef6cd9077,1.1.0
USR-00576,user,1,19.615888992381304,29.0,snap_b65ab0cef6cd9077,1.1.0
USR-00577,user,5,33.33739394431869,39.0,snap_b65ab0cef6cd9077,1.1.0
USR-00578,user,2,28.700396982545985,45.0,snap_b65ab0cef6cd9077,1.1.0
USR-00579,user,4,31.477256375480227,40.0,snap_b65ab0cef6cd9077,1.1.0
USR-00580,user,3,26.259950706693452,37.0,snap_b65ab0cef6cd9077,1.1.0
USR-00581,user,1,24.652814801553724,29.0,snap_b65ab0cef6cd9077,1.1.0
USR-00582,user,1,40.36756255436043,54.0,snap_b65ab0cef6cd9077,1.1.0
USR-00583,user,4,34.14421482772466,45.0,snap_b65ab0cef6cd9077,1.1.0
USR-00584,user,1,31.38752666812843,37.0,snap_b65ab0cef6cd9077,1.1.0
USR-00585,user,5,26.841591490518955,31.0,snap_b65ab0cef6cd9077,1.1.0
USR-00586,user,2,20.175863409795635,34.0,snap_b65ab0cef6cd9077,1.1.0
USR-00587,user,0,35.45998491043875,46.0,snap_b65ab0cef6cd9077,1.1.0
USR-00588,user,3,39.395985777026304,52.0,snap_b65ab0cef6cd9077,1.1.0
USR-00589,user,0,17.54107583628818,18.0,snap_b65ab0cef6cd9077,1.1.0
USR-00590,user,0,19.51807455141719,24.0,snap_b65ab0cef6cd9077,1.1.0
USR-00591,user,5,21.428112124776966,27.0,snap_b65ab0cef6cd9077,1.1.0
USR-00592,user,1,19.317020514308616,14.0,snap_b65ab0cef6cd9077,1.1.0
USR-00593,user,3,21.99443904948333,21.0,snap_b65ab0cef6cd9077,1.1.0
USR-00594,user,2,32.29485532508505,38.0,snap_b65ab0cef6cd9077,1.1.0
USR-00595,user,1,44.25335055584857,70.0,snap_b65ab0cef6cd9077,1.1.0
USR-00596,user,3,26.956646826527923,39.0,snap_b65ab0cef6cd9077,1.1.0
USR-00597,user,2,31.48748328111936,35.0,snap_b65ab0cef6cd9077,1.1.0
USR-00598,user,2,18.98229984387364,22.0,snap_b65ab0cef6cd9077,1.1.0
USR-00599,user,5,34.65376027738802,36.0,snap_b65ab0cef6cd9077,1.1.0
USR-00600,user,2,28.288323768271766,36.0,snap_b65ab0cef6cd9077,1.1.0
USR-00601,user,1,28.154666824544456,33.0,snap_b65ab0cef6cd9077,1.1.0
USR-00602,user,4,25.092899187813444,28.0,snap_b65ab0cef6cd9077,1.1.0
USR-00603,user,5,35.104458323125726,45.0,snap_b65ab0cef6cd9077,1.1.0
USR-00604,user,4,26.013428157846864,32.0,snap_b65ab0cef6cd9077,1.1.0
USR-00605,user,5,22.33394055533975,22.0,snap_b65ab0cef6cd9077,1.1.0
USR-00606,user,4,28.121439915979117,32.0,snap_b65ab0cef6cd9077,1.1.0
USR-00607,user,5,30.012889028262244,32.0,snap_b65ab0cef6cd9077,1.1.0
USR-00608,user,0,19.4811337205032,17.0,snap_b65ab0cef6cd9077,1.1.0
USR-00609,user,4,13.845175010994364,15.0,snap_b65ab0cef6cd9077,1.1.0
USR-00610,user,1,17.434607264711847,16.0,snap_b65ab0cef6cd9077,1.1.0
USR-00611,user,2,24.521983126883384,32.0,snap_b65ab0cef6cd9077,1.1.0
USR-00612,user,2,34.18022778940279,49.0,snap_b65ab0cef6cd9077,1.1.0
USR-00613,user,5,23.500083117295702,31.0,snap_b65ab0cef6cd9077,1.1.0
USR-00614,user,5,22.045331481719952,26.0,snap_b65ab0cef6cd9077,1.1.0
USR-00615,user,3,18.87059319588301,20.0,snap_b65ab0cef6cd9077,1.1.0
USR-00616,user,4,31.386746245679813,33.0,snap_b65ab0cef6cd9077,1.1.0
USR-00617,user,4,22.454744406386755,25.0,snap_b65ab0cef6cd9077,1.1.0
USR-00618,user,3,33.013209023504345,38.0,snap_b65ab0cef6cd9077,1.1.0
USR-00619,user,0,16.236489211189543,22.0,snap_b65ab0cef6cd9077,1.1.0
USR-00620,user,0,40.36965028839221,54.0,snap_b65ab0cef6cd9077,1.1.0
USR-00621,user,4,31.672905370068293,32.0,snap_b65ab0cef6cd9077,1.1.0
USR-00622,user,1,16.522571500945993,19.0,snap_b65ab0cef6cd9077,1.1.0
USR-00623,user,5,28.453120087934217,40.0,snap_b65ab0cef6cd9077,1.1.0
USR-00624,user,1,13.255965190760504,14.0,snap_b65ab0cef6cd9077,1.1.0
USR-00625,user,5,17.501504566043074,17.0,snap_b65ab0cef6cd9077,1.1.0
USR-00626,user,1,19.493251247596284,20.0,snap_b65ab0cef6cd9077,1.1.0
USR-00627,user,4,29.618479624297485,32.0,snap_b65ab0cef6cd9077,1.1.0
USR-00628,user,0,13.255414529230181,15.0,snap_b65ab0cef6cd9077,1.1.0
USR-00629,user,3,32.626567494672486,41.0,snap_b65ab0cef6cd9077,1.1.0
USR-00630,user,4,39.768877584705464,56.0,snap_b65ab0cef6cd9077,1.1.0
USR-00631,user,5,21.759870451206627,25.0,snap_b65ab0cef6cd9077,1.1.0
USR-00632,user,4,27.748061491753194,32.0,snap_b65ab0cef6cd9077,1.1.0
USR-00633,user,0,22.25758166495714,22.0,snap_b65ab0cef6cd9077,1.1.0
USR-00634,user,3,29.91271076858502,36.0,snap_b65ab0cef6cd9077,1.1.0
USR-00635,user,0,37.404354217653534,41.0,snap_b65ab0cef6cd9077,1.1.0
USR-00636,user,0,34.492669070538945,50.0,snap_b65ab0cef6cd9077,1.1.0
USR-00637,user,2,24.849913371287602,26.0,snap_b65ab0cef6cd9077,1.1.0
USR-00638,user,4,24.370079452669124,39.0,snap_b65ab0cef6cd9077,1.1.0
USR-00639,user,4,18.922744684913535,23.0,snap_b65ab0cef6cd9077,1.1.0
USR-00640,user,5,24.958899702261885,32.0,snap_b65ab0cef6cd9077,1.1.0
USR-00641,user,4,31.008354961751813,43.0,snap_b65ab0cef6cd9077,1.1.0
USR-00642,user,4,42.26728749548776,50.0,snap_b65ab0cef6cd9077,1.1.0
USR-00643,user,0,17.386235084055965,20.0,snap_b65ab0cef6cd9077,1.1.0
USR-00644,user,3,31.318620683516748,57.0,snap_b65ab0cef6cd9077,1.1.0
USR-00645,user,2,31.752192392897232,41.0,snap_b65ab0cef6cd9077,1.1.0
USR-00646,user,2,32.44855327257344,39.0,snap_b65ab0cef6cd9077,1.1.0
USR-00647,user,0,22.226050475953635,26.0,snap_b65ab0cef6cd9077,1.1.0
USR-00648,user,1,27.370926940321848,34.0,snap_b65ab0cef6cd9077,1.1.0
USR-00649,user,2,31.511466789545878,34.0,snap_b65ab0cef6cd9077,1.1.0
USR-00650,user,0,18.531822845356743,24.0,snap_b65ab0cef6cd9077,1.1.0
USR-00651,user,1,20.321978610413026,22.0,snap_b65ab0cef6cd9077,1.1.0
USR-00652,user,5,31.012394005610226,32.0,snap_b65ab0cef6cd9077,1.1.0
USR-00653,user,2,30.985379401187224,45.0,snap_b65ab0cef6cd9077,1.1.0
USR-00654,user,3,41.567958288287485,60.0,snap_b65ab0cef6cd9077,1.1.0
USR-00655,user,4,36.97758475305701,54.0,snap_b65ab0cef6cd9077,1.1.0
USR-00656,user,3,31.273336064519675,38.0,snap_b65ab0cef6cd9077,1.1.0
USR-00657,user,4,28.56078139737537,36.0,snap_b65ab0cef6cd9077,1.1.0
USR-00658,user,3,34.486466032771965,50.0,snap_b65ab0cef6cd9077,1.1.0
USR-00659,user,2,29.908372855887052,37.0,snap_b65ab0cef6cd9077,1.1.0
USR-00660,user,1,32.25464418695128,35.0,snap_b65ab0cef6cd9077,1.1.0
USR-00661,user,5,31.254452262900227,31.0,snap_b65ab0cef6cd9077,1.1.0
USR-00662,user,5,23.85136571970907,27.0,snap_b65ab0cef6cd9077,1.1.0
USR-00663,user,0,27.565988043515077,32.0,snap_b65ab0cef6cd9077,1.1.0
USR-00664,user,0,18.934875317356667,18.0,snap_b65ab0cef6cd9077,1.1.0
USR-00665,user,3,29.640736821014883,33.0,snap_b65ab0cef6cd9077,1.1.0
USR-00666,user,4,29.780036720147436,41.0,snap_b65ab0cef6cd9077,1.1.0
USR-00667,user,4,42.756550643177015,51.0,snap_b65ab0cef6cd9077,1.1.0
USR-00668,user,5,42.02096821794369,50.0,snap_b65ab0cef6cd9077,1.1.0
USR-00669,user,3,27.014005248162043,31.0,snap_b65ab0cef6cd9077,1.1.0
USR-00670,user,1,25.65184878706573,30.0,snap_b65ab0cef6cd9077,1.1.0
USR-00671,user,0,17.206610659892263,19.0,snap_b65ab0cef6cd9077,1.1.0
USR-00672,user,2,16.390235428766275,20.0,snap_b65ab0cef6cd9077,1.1.0
USR-00673,user,5,31.351176658975024,31.0,snap_b65ab0cef6cd9077,1.1.0
USR-00674,user,2,34.0670753450277,46.0,snap_b65ab0cef6cd9077,1.1.0
USR-00675,user,2,13.835077710502622,11.0,snap_b65ab0cef6cd9077,1.1.0
USR-00676,user,1,19.412791756717006,22.0,snap_b65ab0cef6cd9077,1.1.0
USR-00677,user,5,26.465980323902016,24.0,snap_b65ab0cef6cd9077,1.1.0
USR-00678,user,1,24.137082047708123,30.0,snap_b65ab0cef6cd9077,1.1.0
USR-00679,user,0,32.39106419662181,41.0,snap_b65ab0cef6cd9077,1.1.0
USR-00680,user,3,27.609986112755767,27.0,snap_b65ab0cef6cd9077,1.1.0
USR-00681,user,0,24.684341050092875,37.0,snap_b65ab0cef6cd9077,1.1.0
USR-00682,user,3,15.845041789345121,17.0,snap_b65ab0cef6cd9077,1.1.0
USR-00683,user,0,30.203963721905858,36.0,snap_b65ab0cef6cd9077,1.1.0
USR-00684,user,1,16.818798161519677,22.0,snap_b65ab0cef6cd9077,1.1.0
USR-00685,user,2,33.71439865535647,47.0,snap_b65ab0cef6cd9077,1.1.0
USR-00686,user,3,32.25679107528874,45.0,snap_b65ab0cef6cd9077,1.1.0
USR-00687,user,1,45.80624511691137,68.0,snap_b65ab0cef6cd9077,1.1.0
USR-00688,user,5,38.687491054786264,47.0,snap_b65ab0cef6cd9077,1.1.0
USR-00689,user,4,24.563363774733233,36.0,snap_b65ab0cef6cd9077,1.1.0
USR-00690,user,1,39.53455562862469,42.0,snap_b65ab0cef6cd9077,1.1.0
USR-00691,user,3,25.289426828071004,33.0,snap_b65ab0cef6cd9077,1.1.0
USR-00692,user,5,13.914689071512228,13.0,snap_b65ab0cef6cd9077,1.1.0
USR-00693,user,3,17.274410926375964,19.0,snap_b65ab0cef6cd9077,1.1.0
USR-00694,user,3,32.06464495018971,36.0,snap_b65ab0cef6cd9077,1.1.0
USR-00695,user,5,27.450654394896652,29.0,snap_b65ab0cef6cd9077,1.1.0
USR-00696,user,1,37.332154033564606,47.0,snap_b65ab0cef6cd9077,1.1.0
USR-00697,user,4,32.19126424209794,34.0,snap_b65ab0cef6cd9077,1.1.0
USR-00698,user,2,27.474385368680274,39.0,snap_b65ab0cef6cd9077,1.1.0
USR-00699,user,2,28.469842687368,39.0,snap_b65ab0cef6cd9077,1.1.0
USR-00700,user,3,30.207810778108527,40.0,snap_b65ab0cef6cd9077,1.1.0
USR-00701,user,3,28.879498086112154,30.0,snap_b65ab0cef6cd9077,1.1.0
USR-00702,user,3,21.333386537150563,26.0,snap_b65ab0cef6cd9077,1.1.0
USR-00703,user,0,22.34691535933017,25.0,snap_b65ab0cef6cd9077,1.1.0
USR-00704,user,5,17.563151402107174,24.0,snap_b65ab0cef6cd9077,1.1.0
USR-00705,user,1,37.11834256395213,45.0,snap_b65ab0cef6cd9077,1.1.0
USR-00706,user,2,22.304461021959504,30.0,snap_b65ab0cef6cd9077,1.1.0
USR-00707,user,4,42.571898991898664,54.0,snap_b65ab0cef6cd9077,1.1.0
USR-00708,user,4,31.551783933844384,33.0,snap_b65ab0cef6cd9077,1.1.0
USR-00709,user,2,24.397141611153458,22.0,snap_b65ab0cef6cd9077,1.1.0
USR-00710,user,1,24.126757878603044,26.0,snap_b65ab0cef6cd9077,1.1.0
USR-00711,user,5,25.835847557964122,36.0,snap_b65ab0cef6cd9077,1.1.0
USR-00712,user,2,38.824299793665176,47.0,snap_b65ab0cef6cd9077,1.1.0
USR-00713,user,4,25.926071002804495,30.0,snap_b65ab0cef6cd9077,1.1.0
USR-00714,user,5,25.77655677628818,27.0,snap_b65ab0cef6cd9077,1.1.0
USR-00715,user,4,13.698964680485066,13.0,snap_b65ab0cef6cd9077,1.1.0
USR-00716,user,2,32.886277473203485,45.0,snap_b65ab0cef6cd9077,1.1.0
USR-00717,user,3,49.5279448032581,70.0,snap_b65ab0cef6cd9077,1.1.0
USR-00718,user,0,20.904873102370672,26.0,snap_b65ab0cef6cd9077,1.1.0
USR-00719,user,2,25.331152564032816,26.0,snap_b65ab0cef6cd9077,1.1.0
USR-00720,user,5,34.80966184845757,43.0,snap_b65ab0cef6cd9077,1.1.0
USR-00721,user,1,39.02038377221291,51.0,snap_b65ab0cef6cd9077,1.1.0
USR-00722,user,1,21.343476686387447,27.0,snap_b65ab0cef6cd9077,1.1.0
USR-00723,user,0,22.583596221868493,22.0,snap_b65ab0cef6cd9077,1.1.0
USR-00724,user,5,25.842164771802235,31.0,snap_b65ab0cef6cd9077,1.1.0
USR-00725,user,0,20.193502497353116,27.0,snap_b65ab0cef6cd9077,1.1.0
USR-00726,user,2,36.29035985406947,41.0,snap_b65ab0cef6cd9077,1.1.0
USR-00727,user,3,16.096142023166966,14.0,snap_b65ab0cef6cd9077,1.1.0
USR-00728,user,0,22.736399238639464,25.0,snap_b65ab0cef6cd9077,1.1.0
USR-00729,user,1,29.71462723790863,43.0,snap_b65ab0cef6cd9077,1.1.0
USR-00730,user,1,17.592213364796468,17.0,snap_b65ab0cef6cd9077,1.1.0
USR-00731,user,3,29.364824625850677,33.0,snap_b65ab0cef6cd9077,1.1.0
USR-00732,user,0,34.39580824960708,44.0,snap_b65ab0cef6cd9077,1.1.0
USR-00733,user,0,19.25024121646632,23.0,snap_b65ab0cef6cd9077,1.1.0
USR-00734,user,1,35.51186913387456,42.0,snap_b65ab0cef6cd9077,1.1.0
USR-00735,user,0,27.581311409591173,33.0,snap_b65ab0cef6cd9077,1.1.0
USR-00736,user,2,26.6329056555113,33.0,snap_b65ab0cef6cd9077,1.1.0
USR-00737,user,3,31.127471717661958,36.0,snap_b65ab0cef6cd9077,1.1.0
USR-00738,user,3,22.665210703751278,29.0,snap_b65ab0cef6cd9077,1.1.0
USR-00739,user,1,12.5784607902911,15.0,snap_b65ab0cef6cd9077,1.1.0
USR-00740,user,1,29.6815111526331,31.0,snap_b65ab0cef6cd9077,1.1.0
USR-00741,user,0,22.808437287276845,25.0,snap_b65ab0cef6cd9077,1.1.0
USR-00742,user,0,29.15703041933829,47.0,snap_b65ab0cef6cd9077,1.1.0
USR-00743,user,5,22.03688270189326,25.0,snap_b65ab0cef6cd9077,1.1.0
USR-00744,user,0,20.386494762218828,23.0,snap_b65ab0cef6cd9077,1.1.0
USR-00745,user,2,43.74712433028613,55.0,snap_b65ab0cef6cd9077,1.1.0
USR-00746,user,1,24.146621589626854,25.0,snap_b65ab0cef6cd9077,1.1.0
USR-00747,user,3,28.802067108183504,40.0,snap_b65ab0cef6cd9077,1.1.0
USR-00748,user,1,24.404486800678264,25.0,snap_b65ab0cef6cd9077,1.1.0
USR-00749,user,4,15.409960284449754,17.0,snap_b65ab0cef6cd9077,1.1.0
USR-00750,user,4,19.61501660896125,21.0,snap_b65ab0cef6cd9077,1.1.0
USR-00751,user,3,29.706527215397145,41.0,snap_b65ab0cef6cd9077,1.1.0
USR-00752,user,3,32.48443094832773,44.0,snap_b65ab0cef6cd9077,1.1.0
USR-00753,user,3,22.425835462276837,23.0,snap_b65ab0cef6cd9077,1.1.0
USR-00754,user,1,28.560197171362216,38.0,snap_b65ab0cef6cd9077,1.1.0
USR-00755,user,2,27.00208616694378,33.0,snap_b65ab0cef6cd9077,1.1.0
USR-00756,user,3,26.468433707633036,26.0,snap_b65ab0cef6cd9077,1.1.0
USR-00757,user,3,22.791359076827963,23.0,snap_b65ab0cef6cd9077,1.1.0
USR-00758,user,5,33.116882333546116,33.0,snap_b65ab0cef6cd9077,1.1.0
USR-00759,user,0,23.508750668081824,32.0,snap_b65ab0cef6cd9077,1.1.0
USR-00760,user,1,22.638233632326525,32.0,snap_b65ab0cef6cd9077,1.1.0
USR-00761,user,4,20.471580139903327,25.0,snap_b65ab0cef6cd9077,1.1.0
USR-00762,user,0,15.124827002526843,16.0,snap_b65ab0cef6cd9077,1.1.0
USR-00763,user,0,35.24887565839334,39.0,snap_b65ab0cef6cd9077,1.1.0
USR-00764,user,0,18.500027859140793,24.0,snap_b65ab0cef6cd9077,1.1.0
USR-00765,user,5,30.455370269722962,43.0,snap_b65ab0cef6cd9077,1.1.0
USR-00766,user,0,22.30438736692693,25.0,snap_b65ab0cef6cd9077,1.1.0
USR-00767,user,0,11.607396984717234,12.0,snap_b65ab0cef6cd9077,1.1.0
USR-00768,user,0,26.180401571646357,36.0,snap_b65ab0cef6cd9077,1.1.0
USR-00769,user,0,17.783121470645433,25.0,snap_b65ab0cef6cd9077,1.1.0
USR-00770,user,2,25.739968624090903,27.0,snap_b65ab0cef6cd9077,1.1.0
USR-00771,user,3,33.42557721679739,44.0,snap_b65ab0cef6cd9077,1.1.0
USR-00772,user,2,20.93595667946541,36.0,snap_b65ab0cef6cd9077,1.1.0
USR-00773,user,2,34.00883894234293,36.0,snap_b65ab0cef6cd9077,1.1.0
USR-00774,user,4,26.87382805762017,41.0,snap_b65ab0cef6cd9077,1.1.0
USR-00775,user,0,21.345549477751902,25.0,snap_b65ab0cef6cd9077,1.1.0
USR-00776,user,4,22.71579861911185,22.0,snap_b65ab0cef6cd9077,1.1.0
USR-00777,user,2,29.663074043223304,40.0,snap_b65ab0cef6cd9077,1.1.0
USR-00778,user,2,33.50829335524472,44.0,snap_b65ab0cef6cd9077,1.1.0
USR-00779,user,4,18.173306808119303,18.0,snap_b65ab0cef6cd9077,1.1.0
USR-00780,user,4,28.155013195101333,37.0,snap_b65ab0cef6cd9077,1.1.0
USR-00781,user,3,24.784341538753587,30.0,snap_b65ab0cef6cd9077,1.1.0
USR-00782,user,5,23.086442993429387,30.0,snap_b65ab0cef6cd9077,1.1.0
USR-00783,user,1,22.024885700991298,27.0,snap_b65ab0cef6cd9077,1.1.0
USR-00784,user,2,39.725756876119036,49.0,snap_b65ab0cef6cd9077,1.1.0
USR-00785,user,5,19.181659162970004,20.0,snap_b65ab0cef6cd9077,1.1.0
USR-00786,user,3,40.92669308369913,51.0,snap_b65ab0cef6cd9077,1.1.0
USR-00787,user,4,16.966672781634458,23.0,snap_b65ab0cef6cd9077,1.1.0
USR-00788,user,3,29.860275462108145,39.0,snap_b65ab0cef6cd9077,1.1.0
USR-00789,user,2,37.508581856100335,51.0,snap_b65ab0cef6cd9077,1.1.0
USR-00790,user,2,15.84199747971827,15.0,snap_b65ab0cef6cd9077,1.1.0
USR-00791,user,5,36.10316244596106,40.0,snap_b65ab0cef6cd9077,1.1.0
USR-00792,user,1,20.796771450855594,19.0,snap_b65ab0cef6cd9077,1.1.0
USR-00793,user,3,13.264845732336997,14.0,snap_b65ab0cef6cd9077,1.1.0
USR-00794,user,0,23.78524685127924,34.0,snap_b65ab0cef6cd9077,1.1.0
USR-00795,user,0,24.759588822854766,29.0,snap_b65ab0cef6cd9077,1.1.0
USR-00796,user,3,22.375564232932685,30.0,snap_b65ab0cef6cd9077,1.1.0
USR-00797,user,0,24.225114251645905,31.0,snap_b65ab0cef6cd9077,1.1.0
USR-00798,user,0,19.87122699744649,30.0,snap_b65ab0cef6cd9077,1.1.0
USR-00799,user,4,29.748092928781638,40.0,snap_b65ab0cef6cd9077,1.1.0
USR-00800,user,2,22.171929130363885,18.0,snap_b65ab0cef6cd9077,1.1.0
USR-00801,user,4,32.9932822655699,40.0,snap_b65ab0cef6cd9077,1.1.0
USR-00802,user,3,33.005487797120956,41.0,snap_b65ab0cef6cd9077,1.1.0
USR-00803,user,5,23.899156897462774,26.0,snap_b65ab0cef6cd9077,1.1.0
USR-00804,user,2,23.110485761939504,31.0,snap_b65ab0cef6cd9077,1.1.0
USR-00805,user,0,24.203541759339053,31.0,snap_b65ab0cef6cd9077,1.1.0
USR-00806,user,4,16.51277163108513,16.0,snap_b65ab0cef6cd9077,1.1.0
USR-00807,user,2,32.18957780756365,38.0,snap_b65ab0cef6cd9077,1.1.0
USR-00808,user,1,19.21704040669118,22.0,snap_b65ab0cef6cd9077,1.1.0
USR-00809,user,1,19.241226043008,23.0,snap_b65ab0cef6cd9077,1.1.0
USR-00810,user,5,28.407613622802423,27.0,snap_b65ab0cef6cd9077,1.1.0
USR-00811,user,0,25.176750696093553,34.0,snap_b65ab0cef6cd9077,1.1.0
USR-00812,user,1,41.47731072591447,56.0,snap_b65ab0cef6cd9077,1.1.0
USR-00813,user,5,43.51842726803751,53.0,snap_b65ab0cef6cd9077,1.1.0
USR-00814,user,2,20.033393248801392,24.0,snap_b65ab0cef6cd9077,1.1.0
USR-00815,user,0,19.707761818469137,25.0,snap_b65ab0cef6cd9077,1.1.0
USR-00816,user,5,26.326111416308546,23.0,snap_b65ab0cef6cd9077,1.1.0
USR-00817,user,5,16.552185503963802,20.0,snap_b65ab0cef6cd9077,1.1.0
USR-00818,user,1,37.14304236599688,45.0,snap_b65ab0cef6cd9077,1.1.0
USR-00819,user,2,26.475318709680018,36.0,snap_b65ab0cef6cd9077,1.1.0
USR-00820,user,2,25.76221108277575,26.0,snap_b65ab0cef6cd9077,1.1.0
USR-00821,user,0,24.08799517992234,30.0,snap_b65ab0cef6cd9077,1.1.0
USR-00822,user,2,27.878390691396707,37.0,snap_b65ab0cef6cd9077,1.1.0
USR-00823,user,3,35.079448385407076,44.0,snap_b65ab0cef6cd9077,1.1.0
USR-00824,user,2,12.56311581278635,11.0,snap_b65ab0cef6cd9077,1.1.0
USR-00825,user,4,29.623886437077218,33.0,snap_b65ab0cef6cd9077,1.1.0
USR-00826,user,0,38.81602723270423,48.0,snap_b65ab0cef6cd9077,1.1.0
USR-00827,user,2,18.065459272005594,26.0,snap_b65ab0cef6cd9077,1.1.0
USR-00828,user,3,31.841763947156675,48.0,snap_b65ab0cef6cd9077,1.1.0
USR-00829,user,5,16.31527616028674,18.0,snap_b65ab0cef6cd9077,1.1.0
USR-00830,user,3,27.666436633281755,34.0,snap_b65ab0cef6cd9077,1.1.0
USR-00831,user,2,29.913390492292667,33.0,snap_b65ab0cef6cd9077,1.1.0
USR-00832,user,1,46.805118337359644,63.0,snap_b65ab0cef6cd9077,1.1.0
USR-00833,user,1,24.522685288985375,34.0,snap_b65ab0cef6cd9077,1.1.0
USR-00834,user,2,29.68547529362951,35.0,snap_b65ab0cef6cd9077,1.1.0
USR-00835,user,4,36.23331988690812,45.0,snap_b65ab0cef6cd9077,1.1.0
USR-00836,user,2,29.734213647299065,35.0,snap_b65ab0cef6cd9077,1.1.0
USR-00837,user,4,40.438909068924595,55.0,snap_b65ab0cef6cd9077,1.1.0
USR-00838,user,5,31.703281649934066,36.0,snap_b65ab0cef6cd9077,1.1.0
USR-00839,user,1,30.4581375620251,33.0,snap_b65ab0cef6cd9077,1.1.0
USR-00840,user,1,38.42367195573991,50.0,snap_b65ab0cef6cd9077,1.1.0
USR-00841,user,0,23.26874191943902,27.0,snap_b65ab0cef6cd9077,1.1.0
USR-00842,user,4,35.117677358327406,52.0,snap_b65ab0cef6cd9077,1.1.0
USR-00843,user,1,29.453262233376954,34.0,snap_b65ab0cef6cd9077,1.1.0
USR-00844,user,1,26.71072295954796,31.0,snap_b65ab0cef6cd9077,1.1.0
USR-00845,user,0,13.557860813787725,18.0,snap_b65ab0cef6cd9077,1.1.0
USR-00846,user,5,20.412105804622033,23.0,snap_b65ab0cef6cd9077,1.1.0
USR-00847,user,1,39.81255636411706,43.0,snap_b65ab0cef6cd9077,1.1.0
USR-00848,user,2,28.401819269381278,38.0,snap_b65ab0cef6cd9077,1.1.0
USR-00849,user,0,24.270668635060048,26.0,snap_b65ab0cef6cd9077,1.1.0
USR-00850,user,5,20.88084446216703,24.0,snap_b65ab0cef6cd9077,1.1.0
USR-00851,user,0,23.070864495579197,25.0,snap_b65ab0cef6cd9077,1.1.0
USR-00852,user,0,25.147793829176585,37.0,snap_b65ab0cef6cd9077,1.1.0
USR-00853,user,4,28.49112069596362,32.0,snap_b65ab0cef6cd9077,1.1.0
USR-00854,user,5,37.534713240489765,53.0,snap_b65ab0cef6cd9077,1.1.0
USR-00855,user,3,32.653552404453336,43.0,snap_b65ab0cef6cd9077,1.1.0
USR-00856,user,1,19.664942505342232,25.0,snap_b65ab0cef6cd9077,1.1.0
USR-00857,user,4,42.084286746880025,52.0,snap_b65ab0cef6cd9077,1.1.0
USR-00858,user,5,29.850753485315877,41.0,snap_b65ab0cef6cd9077,1.1.0
USR-00859,user,3,37.26305797546918,49.0,snap_b65ab0cef6cd9077,1.1.0
USR-00860,user,1,36.60476594900461,45.0,snap_b65ab0cef6cd9077,1.1.0
USR-00861,user,5,31.803212193348855,38.0,snap_b65ab0cef6cd9077,1.1.0
USR-00862,user,4,29.76776205120975,43.0,snap_b65ab0cef6cd9077,1.1.0
USR-00863,user,4,17.004727889991912,20.0,snap_b65ab0cef6cd9077,1.1.0
USR-00864,user,0,38.63937737027753,58.0,snap_b65ab0cef6cd9077,1.1.0
USR-00865,user,0,25.81460292287901,34.0,snap_b65ab0cef6cd9077,1.1.0
USR-00866,user,5,28.29740290935537,35.0,snap_b65ab0cef6cd9077,1.1.0
USR-00867,user,5,23.406802503456603,23.0,snap_b65ab0cef6cd9077,1.1.0
USR-00868,user,4,18.171249145764676,20.0,snap_b65ab0cef6cd9077,1.1.0
USR-00869,user,0,32.52241096586198,45.0,snap_b65ab0cef6cd9077,1.1.0
USR-00870,user,3,36.225236912616715,48.0,snap_b65ab0cef6cd9077,1.1.0
USR-00871,user,4,30.5178477508276,40.0,snap_b65ab0cef6cd9077,1.1.0
USR-00872,user,0,45.66343073550866,72.0,snap_b65ab0cef6cd9077,1.1.0
USR-00873,user,5,33.961475586008625,34.0,snap_b65ab0cef6cd9077,1.1.0
USR-00874,user,3,31.358515546950343,41.0,snap_b65ab0cef6cd9077,1.1.0
USR-00875,user,4,17.699796286358648,26.0,snap_b65ab0cef6cd9077,1.1.0
USR-00876,user,5,26.167897584607406,32.0,snap_b65ab0cef6cd9077,1.1.0
USR-00877,user,1,27.40699809918229,36.0,snap_b65ab0cef6cd9077,1.1.0
USR-00878,user,3,25.06138725957344,31.0,snap_b65ab0cef6cd9077,1.1.0
USR-00879,user,2,28.062640377861825,31.0,snap_b65ab0cef6cd9077,1.1.0
USR-00880,user,2,14.41976196895359,16.0,snap_b65ab0cef6cd9077,1.1.0
USR-00881,user,1,32.80495639491334,43.0,snap_b65ab0cef6cd9077,1.1.0
USR-00882,user,2,37.666878521952924,48.0,snap_b65ab0cef6cd9077,1.1.0
USR-00883,user,5,29.941851416611705,33.0,snap_b65ab0cef6cd9077,1.1.0
USR-00884,user,1,17.526053638004356,19.0,snap_b65ab0cef6cd9077,1.1.0
USR-00885,user,0,32.54934091783277,51.0,snap_b65ab0cef6cd9077,1.1.0
USR-00886,user,3,29.999978407477343,35.0,snap_b65ab0cef6cd9077,1.1.0
USR-00887,user,1,25.71771466588066,25.0,snap_b65ab0cef6cd9077,1.1.0
USR-00888,user,0,23.5455728354545,32.0,snap_b65ab0cef6cd9077,1.1.0
USR-00889,user,0,41.11883217458676,54.0,snap_b65ab0cef6cd9077,1.1.0
USR-00890,user,2,15.138298992909093,17.0,snap_b65ab0cef6cd9077,1.1.0
USR-00891,user,3,39.246646511992715,46.0,snap_b65ab0cef6cd9077,1.1.0
USR-00892,user,5,21.490920365445437,27.0,snap_b65ab0cef6cd9077,1.1.0
USR-00893,user,3,24.217203105155836,27.0,snap_b65ab0cef6cd9077,1.1.0
USR-00894,user,0,16.55616463167549,18.0,snap_b65ab0cef6cd9077,1.1.0
USR-00895,user,4,25.9978792038972,36.0,snap_b65ab0cef6cd9077,1.1.0
USR-00896,user,5,14.551898787784818,18.0,snap_b65ab0cef6cd9077,1.1.0
USR-00897,user,3,25.556224513252708,27.0,snap_b65ab0cef6cd9077,1.1.0
USR-00898,user,3,35.48741495355287,47.0,snap_b65ab0cef6cd9077,1.1.0
USR-00899,user,4,26.707633912184768,30.0,snap_b65ab0cef6cd9077,1.1.0
USR-00900,user,1,41.32663609810641,50.0,snap_b65ab0cef6cd9077,1.1.0
USR-00901,user,1,25.253484358377833,41.0,snap_b65ab0cef6cd9077,1.1.0
USR-00902,user,3,47.89815357543112,66.0,snap_b65ab0cef6cd9077,1.1.0
USR-00903,user,3,29.22559843244641,29.0,snap_b65ab0cef6cd9077,1.1.0
USR-00904,user,1,27.899498079361347,35.0,snap_b65ab0cef6cd9077,1.1.0
USR-00905,user,5,42.88209973438748,48.0,snap_b65ab0cef6cd9077,1.1.0
USR-00906,user,2,38.94389497601615,52.0,snap_b65ab0cef6cd9077,1.1.0
USR-00907,user,1,15.253031547696615,17.0,snap_b65ab0cef6cd9077,1.1.0
USR-00908,user,0,20.663543246565,22.0,snap_b65ab0cef6cd9077,1.1.0
USR-00909,user,3,17.298206893230876,17.0,snap_b65ab0cef6cd9077,1.1.0
USR-00910,user,3,28.069755708489883,36.0,snap_b65ab0cef6cd9077,1.1.0
USR-00911,user,4,23.262804495049995,24.0,snap_b65ab0cef6cd9077,1.1.0
USR-00912,user,5,28.18136723987474,27.0,snap_b65ab0cef6cd9077,1.1.0
USR-00913,user,5,18.803200910326147,20.0,snap_b65ab0cef6cd9077,1.1.0
USR-00914,user,5,25.74956855943086,26.0,snap_b65ab0cef6cd9077,1.1.0
USR-00915,user,5,20.433647771806474,26.0,snap_b65ab0cef6cd9077,1.1.0
USR-00916,user,5,33.72050133265672,53.0,snap_b65ab0cef6cd9077,1.1.0
USR-00917,user,0,17.667857854158896,18.0,snap_b65ab0cef6cd9077,1.1.0
USR-00918,user,0,29.195824012343063,37.0,snap_b65ab0cef6cd9077,1.1.0
USR-00919,user,3,25.832450454704343,28.0,snap_b65ab0cef6cd9077,1.1.0
USR-00920,user,2,25.56822843500371,25.0,snap_b65ab0cef6cd9077,1.1.0
USR-00921,user,0,20.86485218260141,29.0,snap_b65ab0cef6cd9077,1.1.0
USR-00922,user,4,18.9852367811865,23.0,snap_b65ab0cef6cd9077,1.1.0
USR-00923,user,2,23.264202925337027,23.0,snap_b65ab0cef6cd9077,1.1.0
USR-00924,user,1,22.038190340442522,21.0,snap_b65ab0cef6cd9077,1.1.0
USR-00925,user,0,15.484795009877647,21.0,snap_b65ab0cef6cd9077,1.1.0
USR-00926,user,3,23.398691349767844,27.0,snap_b65ab0cef6cd9077,1.1.0
USR-00927,user,0,21.826840613847835,25.0,snap_b65ab0cef6cd9077,1.1.0
USR-00928,user,4,26.061564301768463,32.0,snap_b65ab0cef6cd9077,1.1.0
USR-00929,user,2,35.22687913972466,43.0,snap_b65ab0cef6cd9077,1.1.0
USR-00930,user,2,40.270492004557546,47.0,snap_b65ab0cef6cd9077,1.1.0
USR-00931,user,3,25.87278031565252,33.0,snap_b65ab0cef6cd9077,1.1.0
USR-00932,user,3,41.40937601961112,51.0,snap_b65ab0cef6cd9077,1.1.0
USR-00933,user,1,21.49335127624139,29.0,snap_b65ab0cef6cd9077,1.1.0
USR-00934,user,4,20.68925353800123,24.0,snap_b65ab0cef6cd9077,1.1.0
USR-00935,user,4,28.971295554901612,31.0,snap_b65ab0cef6cd9077,1.1.0
USR-00936,user,1,37.93012155906536,41.0,snap_b65ab0cef6cd9077,1.1.0
USR-00937,user,5,24.743237561751585,28.0,snap_b65ab0cef6cd9077,1.1.0
USR-00938,user,0,23.64688632735607,28.0,snap_b65ab0cef6cd9077,1.1.0
USR-00939,user,5,43.012823780982,52.0,snap_b65ab0cef6cd9077,1.1.0
USR-00940,user,0,28.55918424859307,39.0,snap_b65ab0cef6cd9077,1.1.0
USR-00941,user,5,33.0716663978528,38.0,snap_b65ab0cef6cd9077,1.1.0
USR-00942,user,4,22.322692382595292,21.0,snap_b65ab0cef6cd9077,1.1.0
USR-00943,user,0,31.68491432624248,38.0,snap_b65ab0cef6cd9077,1.1.0
USR-00944,user,1,36.53050963085209,42.0,snap_b65ab0cef6cd9077,1.1.0
USR-00945,user,1,25.570942814531612,29.0,snap_b65ab0cef6cd9077,1.1.0
USR-00946,user,3,33.397494145202174,37.0,snap_b65ab0cef6cd9077,1.1.0
USR-00947,user,4,20.715460735230003,24.0,snap_b65ab0cef6cd9077,1.1.0
USR-00948,user,4,19.223889653325095,21.0,snap_b65ab0cef6cd9077,1.1.0
USR-00949,user,5,31.997631489556024,35.0,snap_b65ab0cef6cd9077,1.1.0
USR-00950,user,3,39.361606907979535,50.0,snap_b65ab0cef6cd9077,1.1.0
USR-00951,user,1,31.367207580222875,30.0,snap_b65ab0cef6cd9077,1.1.0
USR-00952,user,3,28.325295553131724,29.0,snap_b65ab0cef6cd9077,1.1.0
USR-00953,user,3,22.89580738672577,25.0,snap_b65ab0cef6cd9077,1.1.0
USR-00954,user,0,22.688388161258526,28.0,snap_b65ab0cef6cd9077,1.1.0
USR-00955,user,5,23.002016235312844,27.0,snap_b65ab0cef6cd9077,1.1.0
USR-00956,user,5,27.41273522931845,35.0,snap_b65ab0cef6cd9077,1.1.0
USR-00957,user,4,20.572696196550297,19.0,snap_b65ab0cef6cd9077,1.1.0
USR-00958,user,1,39.79832929979625,50.0,snap_b65ab0cef6cd9077,1.1.0
USR-00959,user,1,31.185148069284814,38.0,snap_b65ab0cef6cd9077,1.1.0
USR-00960,user,1,23.5910690531386,31.0,snap_b65ab0cef6cd9077,1.1.0
USR-00961,user,1,23.65582788158563,33.0,snap_b65ab0cef6cd9077,1.1.0
USR-00962,user,1,18.43735640724492,21.0,snap_b65ab0cef6cd9077,1.1.0
USR-00963,user,0,30.41597069936933,43.0,snap_b65ab0cef6cd9077,1.1.0
USR-00964,user,1,30.919498612842126,36.0,snap_b65ab0cef6cd9077,1.1.0
USR-00965,user,5,26.63861272146738,26.0,snap_b65ab0cef6cd9077,1.1.0
USR-00966,user,1,20.233926693007348,24.0,snap_b65ab0cef6cd9077,1.1.0
USR-00967,user,5,40.5817613839902,47.0,snap_b65ab0cef6cd9077,1.1.0
USR-00968,user,0,16.631592144240976,27.0,snap_b65ab0cef6cd9077,1.1.0
USR-00969,user,4,27.737521986488566,30.0,snap_b65ab0cef6cd9077,1.1.0
USR-00970,user,3,22.090961667010806,23.0,snap_b65ab0cef6cd9077,1.1.0
USR-00971,user,3,24.733463900001055,36.0,snap_b65ab0cef6cd9077,1.1.0
USR-00972,user,0,17.526850145248115,20.0,snap_b65ab0cef6cd9077,1.1.0
USR-00973,user,0,25.166595660145152,29.0,snap_b65ab0cef6cd9077,1.1.0
USR-00974,user,5,33.60256790914997,46.0,snap_b65ab0cef6cd9077,1.1.0
USR-00975,user,3,24.033309731174796,24.0,snap_b65ab0cef6cd9077,1.1.0
USR-00976,user,2,22.109062692518126,27.0,snap_b65ab0cef6cd9077,1.1.0
USR-00977,user,1,19.719410966120677,21.0,snap_b65ab0cef6cd9077,1.1.0
USR-00978,user,1,38.064729757218245,48.0,snap_b65ab0cef6cd9077,1.1.0
USR-00979,user,1,25.637520676808617,33.0,snap_b65ab0cef6cd9077,1.1.0
USR-00980,user,0,17.57704423779326,16.0,snap_b65ab0cef6cd9077,1.1.0
USR-00981,user,0,27.706259600041562,31.0,snap_b65ab0cef6cd9077,1.1.0
USR-00982,user,2,36.483082206251275,43.0,snap_b65ab0cef6cd9077,1.1.0
USR-00983,user,4,43.552779491467746,55.0,snap_b65ab0cef6cd9077,1.1.0
USR-00984,user,1,29.20774022096453,37.0,snap_b65ab0cef6cd9077,1.1.0
USR-00985,user,0,22.61735862987996,34.0,snap_b65ab0cef6cd9077,1.1.0
USR-00986,user,5,18.112978453517748,24.0,snap_b65ab0cef6cd9077,1.1.0
USR-00987,user,3,25.24913462106988,32.0,snap_b65ab0cef6cd9077,1.1.0
USR-00988,user,0,29.266861715735633,41.0,snap_b65ab0cef6cd9077,1.1.0
USR-00989,user,3,17.338292700611703,16.0,snap_b65ab0cef6cd9077,1.1.0
USR-00990,user,4,16.202362148468083,17.0,snap_b65ab0cef6cd9077,1.1.0
USR-00991,user,2,19.025235545158672,21.0,snap_b65ab0cef6cd9077,1.1.0
USR-00992,user,4,15.189241632426258,12.0,snap_b65ab0cef6cd9077,1.1.0
USR-00993,user,4,32.90258982503499,36.0,snap_b65ab0cef6cd9077,1.1.0
USR-00994,user,3,25.432767225437335,30.0,snap_b65ab0cef6cd9077,1.1.0
USR-00995,user,5,21.610504591513163,23.0,snap_b65ab0cef6cd9077,1.1.0
USR-00996,user,1,28.037052597397736,28.0,snap_b65ab0cef6cd9077,1.1.0
USR-00997,user,2,30.87653691156756,39.0,snap_b65ab0cef6cd9077,1.1.0
USR-00998,user,0,29.552062031033028,43.0,snap_b65ab0cef6cd9077,1.1.0
USR-00999,user,5,13.567514700527115,12.0,snap_b65ab0cef6cd9077,1.1.0
USR-01000,user,3,25.351528515182448,32.0,snap_b65ab0cef6cd9077,1.1.0
USR-01001,user,0,17.744009650939816,16.0,snap_b65ab0cef6cd9077,1.1.0
USR-01002,user,1,16.990034321348183,17.0,snap_b65ab0cef6cd9077,1.1.0
USR-01003,user,0,19.54734101877912,24.0,snap_b65ab0cef6cd9077,1.1.0
USR-01004,user,0,18.861601015652788,28.0,snap_b65ab0cef6cd9077,1.1.0
USR-01005,user,2,27.824537666543947,35.0,snap_b65ab0cef6cd9077,1.1.0
USR-01006,user,1,17.430100031530117,16.0,snap_b65ab0cef6cd9077,1.1.0
USR-01007,user,5,12.4169025123557,10.0,snap_b65ab0cef6cd9077,1.1.0
USR-01008,user,3,29.692137238229723,33.0,snap_b65ab0cef6cd9077,1.1.0
USR-01009,user,4,15.29382107900653,19.0,snap_b65ab0cef6cd9077,1.1.0
USR-01010,user,1,26.469296539573573,32.0,snap_b65ab0cef6cd9077,1.1.0
USR-01011,user,2,17.839235054827753,24.0,snap_b65ab0cef6cd9077,1.1.0
USR-01012,user,2,28.471023380146946,29.0,snap_b65ab0cef6cd9077,1.1.0
USR-01013,user,1,17.277734308745636,20.0,snap_b65ab0cef6cd9077,1.1.0
USR-01014,user,5,40.20263800243728,55.0,snap_b65ab0cef6cd9077,1.1.0
USR-01015,user,3,30.38596171574024,31.0,snap_b65ab0cef6cd9077,1.1.0
USR-01016,user,0,18.518013694258933,17.0,snap_b65ab0cef6cd9077,1.1.0
USR-01017,user,2,25.582110706437305,29.0,snap_b65ab0cef6cd9077,1.1.0
USR-01018,user,4,33.34368776349045,46.0,snap_b65ab0cef6cd9077,1.1.0
USR-01019,user,0,21.44069192615729,23.0,snap_b65ab0cef6cd9077,1.1.0
USR-01020,user,1,20.06958968858516,26.0,snap_b65ab0cef6cd9077,1.1.0
USR-01021,user,5,19.419952543011835,27.0,snap_b65ab0cef6cd9077,1.1.0
USR-01022,user,4,29.764256493205362,35.0,snap_b65ab0cef6cd9077,1.1.0
USR-01023,user,5,31.712642179228354,42.0,snap_b65ab0cef6cd9077,1.1.0
USR-01024,user,1,30.08756446861055,31.0,snap_b65ab0cef6cd9077,1.1.0
USR-01025,user,2,31.748377679161592,38.0,snap_b65ab0cef6cd9077,1.1.0
USR-01026,user,3,26.78859196405124,37.0,snap_b65ab0cef6cd9077,1.1.0
USR-01027,user,5,24.9857132730108,26.0,snap_b65ab0cef6cd9077,1.1.0
USR-01028,user,3,27.560666675440316,38.0,snap_b65ab0cef6cd9077,1.1.0
USR-01029,user,4,27.390730005698703,36.0,snap_b65ab0cef6cd9077,1.1.0
USR-01030,user,1,20.061734029755485,33.0,snap_b65ab0cef6cd9077,1.1.0
USR-01031,user,2,36.683328452164,42.0,snap_b65ab0cef6cd9077,1.1.0
USR-01032,user,4,30.336504638113606,37.0,snap_b65ab0cef6cd9077,1.1.0
USR-01033,user,1,35.82383597955241,49.0,snap_b65ab0cef6cd9077,1.1.0
USR-01034,user,5,21.52166866734722,24.0,snap_b65ab0cef6cd9077,1.1.0
USR-01035,user,1,30.616824007904047,35.0,snap_b65ab0cef6cd9077,1.1.0
USR-01036,user,2,22.68386752022319,23.0,snap_b65ab0cef6cd9077,1.1.0
USR-01037,user,3,21.03920852469366,27.0,snap_b65ab0cef6cd9077,1.1.0
USR-01038,user,1,29.369511672585464,30.0,snap_b65ab0cef6cd9077,1.1.0
USR-01039,user,1,13.641146431238537,15.0,snap_b65ab0cef6cd9077,1.1.0
USR-01040,user,5,29.194845983413337,39.0,snap_b65ab0cef6cd9077,1.1.0
USR-01041,user,0,26.840987468868104,33.0,snap_b65ab0cef6cd9077,1.1.0
USR-01042,user,2,30.61230536435327,34.0,snap_b65ab0cef6cd9077,1.1.0
USR-01043,user,2,29.665930256036233,36.0,snap_b65ab0cef6cd9077,1.1.0
USR-01044,user,2,27.599392908924454,36.0,snap_b65ab0cef6cd9077,1.1.0
USR-01045,user,2,44.63164480722841,69.0,snap_b65ab0cef6cd9077,1.1.0
USR-01046,user,3,19.224937668742022,22.0,snap_b65ab0cef6cd9077,1.1.0
USR-01047,user,0,16.64591025248893,25.0,snap_b65ab0cef6cd9077,1.1.0
USR-01048,user,4,28.214662482769203,27.0,snap_b65ab0cef6cd9077,1.1.0
USR-01049,user,5,34.39991321389644,49.0,snap_b65ab0cef6cd9077,1.1.0
USR-01050,user,3,31.311889654495985,47.0,snap_b65ab0cef6cd9077,1.1.0
USR-01051,user,2,28.80604174178519,34.0,snap_b65ab0cef6cd9077,1.1.0
USR-01052,user,0,30.719676830999262,49.0,snap_b65ab0cef6cd9077,1.1.0
USR-01053,user,3,29.145935610921356,40.0,snap_b65ab0cef6cd9077,1.1.0
USR-01054,user,0,34.6494439404847,48.0,snap_b65ab0cef6cd9077,1.1.0
USR-01055,user,3,31.137605933463096,36.0,snap_b65ab0cef6cd9077,1.1.0
USR-01056,user,2,22.864026838739726,26.0,snap_b65ab0cef6cd9077,1.1.0
USR-01057,user,5,29.58216906571181,34.0,snap_b65ab0cef6cd9077,1.1.0
USR-01058,user,3,28.592426223798473,37.0,snap_b65ab0cef6cd9077,1.1.0
USR-01059,user,1,16.92267965357711,21.0,snap_b65ab0cef6cd9077,1.1.0
USR-01060,user,2,32.96524599756506,42.0,snap_b65ab0cef6cd9077,1.1.0
USR-01061,user,5,20.76855968563688,22.0,snap_b65ab0cef6cd9077,1.1.0
USR-01062,user,2,28.70387135622638,33.0,snap_b65ab0cef6cd9077,1.1.0
USR-01063,user,3,25.744943933343365,30.0,snap_b65ab0cef6cd9077,1.1.0
USR-01064,user,2,30.513750364341988,35.0,snap_b65ab0cef6cd9077,1.1.0
USR-01065,user,3,26.370619845075115,33.0,snap_b65ab0cef6cd9077,1.1.0
USR-01066,user,5,21.597769402506735,28.0,snap_b65ab0cef6cd9077,1.1.0
USR-01067,user,1,29.624744124900364,41.0,snap_b65ab0cef6cd9077,1.1.0
USR-01068,user,2,31.477872577905863,48.0,snap_b65ab0cef6cd9077,1.1.0
USR-01069,user,2,17.244830979453226,20.0,snap_b65ab0cef6cd9077,1.1.0
USR-01070,user,1,23.870972862335393,31.0,snap_b65ab0cef6cd9077,1.1.0
USR-01071,user,5,31.699794270230388,32.0,snap_b65ab0cef6cd9077,1.1.0
USR-01072,user,2,24.195760705062465,25.0,snap_b65ab0cef6cd9077,1.1.0
USR-01073,user,1,24.37359965492248,28.0,snap_b65ab0cef6cd9077,1.1.0
USR-01074,user,5,23.435771026904945,28.0,snap_b65ab0cef6cd9077,1.1.0
USR-01075,user,4,21.129965736401534,21.0,snap_b65ab0cef6cd9077,1.1.0
USR-01076,user,3,18.236264557524354,27.0,snap_b65ab0cef6cd9077,1.1.0
USR-01077,user,1,25.24891826817773,35.0,snap_b65ab0cef6cd9077,1.1.0
USR-01078,user,1,24.790572975307384,28.0,snap_b65ab0cef6cd9077,1.1.0
USR-01079,user,4,32.99531987979825,44.0,snap_b65ab0cef6cd9077,1.1.0
USR-01080,user,3,21.638685165224235,22.0,snap_b65ab0cef6cd9077,1.1.0
USR-01081,user,3,17.873429260989084,20.0,snap_b65ab0cef6cd9077,1.1.0
USR-01082,user,5,20.25907550841594,22.0,snap_b65ab0cef6cd9077,1.1.0
USR-01083,user,5,32.916245529645046,39.0,snap_b65ab0cef6cd9077,1.1.0
USR-01084,user,4,28.184082218309037,40.0,snap_b65ab0cef6cd9077,1.1.0
USR-01085,user,5,27.112898815403796,33.0,snap_b65ab0cef6cd9077,1.1.0
USR-01086,user,0,31.25719167504554,42.0,snap_b65ab0cef6cd9077,1.1.0
USR-01087,user,4,42.795578850221446,52.0,snap_b65ab0cef6cd9077,1.1.0
USR-01088,user,4,14.514230708824176,12.0,snap_b65ab0cef6cd9077,1.1.0
USR-01089,user,1,30.321634511649325,33.0,snap_b65ab0cef6cd9077,1.1.0
USR-01090,user,1,18.907429783839696,26.0,snap_b65ab0cef6cd9077,1.1.0
USR-01091,user,3,25.37800048398834,28.0,snap_b65ab0cef6cd9077,1.1.0
USR-01092,user,2,19.783541772839328,23.0,snap_b65ab0cef6cd9077,1.1.0
USR-01093,user,3,14.964074281099748,17.0,snap_b65ab0cef6cd9077,1.1.0
USR-01094,user,3,18.144156314564118,19.0,snap_b65ab0cef6cd9077,1.1.0
USR-01095,user,2,12.407771160118147,18.0,snap_b65ab0cef6cd9077,1.1.0
USR-01096,user,1,26.586630138631765,26.0,snap_b65ab0cef6cd9077,1.1.0
USR-01097,user,3,22.141792721344984,27.0,snap_b65ab0cef6cd9077,1.1.0
USR-01098,user,0,11.967405969152264,10.0,snap_b65ab0cef6cd9077,1.1.0
USR-01099,user,5,22.839282927683016,28.0,snap_b65ab0cef6cd9077,1.1.0
USR-01100,user,0,14.655857524677073,16.0,snap_b65ab0cef6cd9077,1.1.0
USR-01101,user,0,31.883278718682405,47.0,snap_b65ab0cef6cd9077,1.1.0
USR-01102,user,3,27.26555085605617,33.0,snap_b65ab0cef6cd9077,1.1.0
USR-01103,user,4,20.827159580409333,25.0,snap_b65ab0cef6cd9077,1.1.0
USR-01104,user,4,31.347278080223454,36.0,snap_b65ab0cef6cd9077,1.1.0
USR-01105,user,0,20.45113403527337,26.0,snap_b65ab0cef6cd9077,1.1.0
USR-01106,user,4,25.331407714436274,29.0,snap_b65ab0cef6cd9077,1.1.0
USR-01107,user,0,17.126139351892583,19.0,snap_b65ab0cef6cd9077,1.1.0
USR-01108,user,1,17.505039858020695,17.0,snap_b65ab0cef6cd9077,1.1.0
USR-01109,user,5,32.618010770949404,38.0,snap_b65ab0cef6cd9077,1.1.0
USR-01110,user,0,23.749829524878784,33.0,snap_b65ab0cef6cd9077,1.1.0
USR-01111,user,0,24.681389153680733,33.0,snap_b65ab0cef6cd9077,1.1.0
USR-01112,user,0,39.12118140730029,45.0,snap_b65ab0cef6cd9077,1.1.0
USR-01113,user,2,22.08209696652825,22.0,snap_b65ab0cef6cd9077,1.1.0
USR-01114,user,5,25.706471516650318,32.0,snap_b65ab0cef6cd9077,1.1.0
USR-01115,user,5,29.12301390879059,35.0,snap_b65ab0cef6cd9077,1.1.0
USR-01116,user,0,27.128108224252365,32.0,snap_b65ab0cef6cd9077,1.1.0
USR-01117,user,0,23.635653608660263,27.0,snap_b65ab0cef6cd9077,1.1.0
USR-01118,user,4,17.01274934081586,18.0,snap_b65ab0cef6cd9077,1.1.0
USR-01119,user,3,22.39457818130965,36.0,snap_b65ab0cef6cd9077,1.1.0
USR-01120,user,5,24.564312361500498,25.0,snap_b65ab0cef6cd9077,1.1.0
USR-01121,user,2,32.39696980638734,39.0,snap_b65ab0cef6cd9077,1.1.0
USR-01122,user,0,29.174555645577968,47.0,snap_b65ab0cef6cd9077,1.1.0
USR-01123,user,4,16.82678918133585,22.0,snap_b65ab0cef6cd9077,1.1.0
USR-01124,user,0,23.41923936040753,29.0,snap_b65ab0cef6cd9077,1.1.0
USR-01125,user,1,17.726376493671626,15.0,snap_b65ab0cef6cd9077,1.1.0
USR-01126,user,2,13.784929746552072,14.0,snap_b65ab0cef6cd9077,1.1.0
USR-01127,user,1,31.532325622853907,37.0,snap_b65ab0cef6cd9077,1.1.0
USR-01128,user,2,10.947599710699325,9.0,snap_b65ab0cef6cd9077,1.1.0
USR-01129,user,2,16.29810992166434,20.0,snap_b65ab0cef6cd9077,1.1.0
USR-01130,user,5,42.62608453698931,55.0,snap_b65ab0cef6cd9077,1.1.0
USR-01131,user,5,33.18884993116507,41.0,snap_b65ab0cef6cd9077,1.1.0
USR-01132,user,5,20.357762373211074,18.0,snap_b65ab0cef6cd9077,1.1.0
USR-01133,user,0,22.76506289355961,26.0,snap_b65ab0cef6cd9077,1.1.0
USR-01134,user,4,13.819209224995216,11.0,snap_b65ab0cef6cd9077,1.1.0
USR-01135,user,5,42.64273315133979,51.0,snap_b65ab0cef6cd9077,1.1.0
USR-01136,user,3,17.148292748588474,14.0,snap_b65ab0cef6cd9077,1.1.0
USR-01137,user,1,17.98967522280737,25.0,snap_b65ab0cef6cd9077,1.1.0
USR-01138,user,1,16.43195422251578,15.0,snap_b65ab0cef6cd9077,1.1.0
USR-01139,user,0,24.53926845723117,32.0,snap_b65ab0cef6cd9077,1.1.0
USR-01140,user,2,20.04793812834899,30.0,snap_b65ab0cef6cd9077,1.1.0
USR-01141,user,3,20.42178811556562,22.0,snap_b65ab0cef6cd9077,1.1.0
USR-01142,user,4,22.901419002891224,39.0,snap_b65ab0cef6cd9077,1.1.0
USR-01143,user,4,38.777786131812675,51.0,snap_b65ab0cef6cd9077,1.1.0
USR-01144,user,4,32.297361810400005,41.0,snap_b65ab0cef6cd9077,1.1.0
USR-01145,user,1,32.79473723361383,45.0,snap_b65ab0cef6cd9077,1.1.0
USR-01146,user,3,22.292833437823212,24.0,snap_b65ab0cef6cd9077,1.1.0
USR-01147,user,4,34.78614339041925,52.0,snap_b65ab0cef6cd9077,1.1.0
USR-01148,user,4,24.906546103605375,36.0,snap_b65ab0cef6cd9077,1.1.0
USR-01149,user,1,40.65293586815142,44.0,snap_b65ab0cef6cd9077,1.1.0
USR-01150,user,5,20.643675966416566,25.0,snap_b65ab0cef6cd9077,1.1.0
USR-01151,user,4,31.86050705721825,43.0,snap_b65ab0cef6cd9077,1.1.0
USR-01152,user,5,24.212761415988542,26.0,snap_b65ab0cef6cd9077,1.1.0
USR-01153,user,0,19.511165698489663,23.0,snap_b65ab0cef6cd9077,1.1.0
USR-01154,user,0,20.585880485382578,21.0,snap_b65ab0cef6cd9077,1.1.0
USR-01155,user,1,21.91890265398365,25.0,snap_b65ab0cef6cd9077,1.1.0
USR-01156,user,0,29.168441386138372,38.0,snap_b65ab0cef6cd9077,1.1.0
USR-01157,user,0,35.738101061690756,45.0,snap_b65ab0cef6cd9077,1.1.0
USR-01158,user,0,19.5325934690809,27.0,snap_b65ab0cef6cd9077,1.1.0
USR-01159,user,1,18.151229656102974,22.0,snap_b65ab0cef6cd9077,1.1.0
USR-01160,user,4,28.120308671725223,38.0,snap_b65ab0cef6cd9077,1.1.0
USR-01161,user,0,34.96388484350539,49.0,snap_b65ab0cef6cd9077,1.1.0
USR-01162,user,2,31.789255043178645,47.0,snap_b65ab0cef6cd9077,1.1.0
USR-01163,user,2,37.80932826407218,40.0,snap_b65ab0cef6cd9077,1.1.0
USR-01164,user,0,25.594145392310892,43.0,snap_b65ab0cef6cd9077,1.1.0
USR-01165,user,0,28.12934091536685,43.0,snap_b65ab0cef6cd9077,1.1.0
USR-01166,user,5,18.626413645995157,21.0,snap_b65ab0cef6cd9077,1.1.0
USR-01167,user,5,39.06514176141602,50.0,snap_b65ab0cef6cd9077,1.1.0
USR-01168,user,1,30.788068300502026,35.0,snap_b65ab0cef6cd9077,1.1.0
USR-01169,user,4,14.590619769424492,17.0,snap_b65ab0cef6cd9077,1.1.0
USR-01170,user,0,15.288348577314757,21.0,snap_b65ab0cef6cd9077,1.1.0
USR-01171,user,1,29.529006570528374,34.0,snap_b65ab0cef6cd9077,1.1.0
USR-01172,user,4,16.97411048552005,19.0,snap_b65ab0cef6cd9077,1.1.0
USR-01173,user,3,26.176214747032848,26.0,snap_b65ab0cef6cd9077,1.1.0
USR-01174,user,4,34.16321606163983,38.0,snap_b65ab0cef6cd9077,1.1.0
USR-01175,user,1,34.95729661205952,39.0,snap_b65ab0cef6cd9077,1.1.0
USR-01176,user,4,25.167544205309575,25.0,snap_b65ab0cef6cd9077,1.1.0
USR-01177,user,1,24.154743335194944,22.0,snap_b65ab0cef6cd9077,1.1.0
USR-01178,user,3,29.561016806770308,33.0,snap_b65ab0cef6cd9077,1.1.0
USR-01179,user,3,32.87055709771213,44.0,snap_b65ab0cef6cd9077,1.1.0
USR-01180,user,3,23.193182679194013,26.0,snap_b65ab0cef6cd9077,1.1.0
USR-01181,user,4,32.05854033622215,43.0,snap_b65ab0cef6cd9077,1.1.0
USR-01182,user,0,24.799851622806408,33.0,snap_b65ab0cef6cd9077,1.1.0
USR-01183,user,0,23.138681031085678,30.0,snap_b65ab0cef6cd9077,1.1.0
USR-01184,user,0,38.543208155089566,49.0,snap_b65ab0cef6cd9077,1.1.0
USR-01185,user,0,22.619290653334886,22.0,snap_b65ab0cef6cd9077,1.1.0
USR-01186,user,4,30.547509107183963,41.0,snap_b65ab0cef6cd9077,1.1.0
USR-01187,user,1,24.07482443277149,31.0,snap_b65ab0cef6cd9077,1.1.0
USR-01188,user,5,22.843826987329525,17.0,snap_b65ab0cef6cd9077,1.1.0
USR-01189,user,0,20.3173013529907,22.0,snap_b65ab0cef6cd9077,1.1.0
USR-01190,user,2,22.23442676224645,27.0,snap_b65ab0cef6cd9077,1.1.0
USR-01191,user,1,29.265628552115082,43.0,snap_b65ab0cef6cd9077,1.1.0
USR-01192,user,1,16.53249513057873,16.0,snap_b65ab0cef6cd9077,1.1.0
USR-01193,user,5,29.21347146277544,33.0,snap_b65ab0cef6cd9077,1.1.0
USR-01194,user,5,19.358149432819364,20.0,snap_b65ab0cef6cd9077,1.1.0
USR-01195,user,5,29.419238145042197,31.0,snap_b65ab0cef6cd9077,1.1.0
USR-01196,user,0,26.165369519922827,32.0,snap_b65ab0cef6cd9077,1.1.0
USR-01197,user,3,40.31306005552573,44.0,snap_b65ab0cef6cd9077,1.1.0
USR-01198,user,2,24.906674282047145,25.0,snap_b65ab0cef6cd9077,1.1.0
USR-01199,user,3,22.97280892444045,31.0,snap_b65ab0cef6cd9077,1.1.0
USR-01200,user,4,16.9895802034141,21.0,snap_b65ab0cef6cd9077,1.1.0
